,0,1,2,3
0,ba,ba_construction,有个学生的最好的朋友把坡卖了,1
1,ba,ba_construction,有个学生的最好的朋友被坡卖了,0
2,ba,ba_construction,王鑫把自行车扔了,1
3,ba,ba_construction,王鑫被自行车扔了,0
4,ba,ba_construction,王子豪把窗口找了,1
5,ba,ba_construction,王子豪被窗口找了,0
6,ba,ba_construction,温斯顿·丘吉尔把朱天一的书检查了,1
7,ba,ba_construction,温斯顿·丘吉尔被朱天一的书检查了,0
8,ba,ba_construction,王芳把卡车打破了,1
9,ba,ba_construction,王芳被卡车打破了,0
10,ba,ba_construction,王皓把独轮车扔了,1
11,ba,ba_construction,王皓被独轮车扔了,0
12,ba,ba_construction,这些青少年把张杰的纪录片描述了,1
13,ba,ba_construction,这些青少年被张杰的纪录片描述了,0
14,ba,ba_construction,报告把大学转移了,1
15,ba,ba_construction,报告被大学转移了,0
16,ba,ba_construction,杨玲把推车打破了,1
17,ba,ba_construction,杨玲被推车打破了,0
18,ba,ba_construction,罗西把小册子忘记了,1
19,ba,ba_construction,罗西被小册子忘记了,0
20,ba,ba_construction,那个女孩把小山描述了,1
21,ba,ba_construction,那个女孩被小山描述了,0
22,ba,ba_construction,刘霞把书拿了,1
23,ba,ba_construction,刘霞被书拿了,0
24,ba,ba_construction,那些儿童把购物中心描述了,1
25,ba,ba_construction,那些儿童被购物中心描述了,0
26,ba,ba_construction,草图把博物馆转移了,1
27,ba,ba_construction,草图被博物馆转移了,0
28,ba,ba_construction,那个参议员的前妻把博物馆摆脱了,1
29,ba,ba_construction,那个参议员的前妻被博物馆摆脱了,0
30,ba,ba_construction,张兴把围巾穿了,1
31,ba,ba_construction,张兴被围巾穿了,0
32,ba,ba_construction,张雨馨把电脑扔了,1
33,ba,ba_construction,张雨馨被电脑扔了,0
34,ba,ba_construction,王子豪的皮肤科医生把飞机找了,1
35,ba,ba_construction,王子豪的皮肤科医生被飞机找了,0
36,ba,ba_construction,这些儿童的肿瘤医师把照片卖了,1
37,ba,ba_construction,这些儿童的肿瘤医师被照片卖了,0
38,ba,ba_construction,那些人把短裙穿了,1
39,ba,ba_construction,那些人被短裙穿了,0
40,ba,ba_construction,谢天天把评论研究了,1
41,ba,ba_construction,谢天天被评论研究了,0
42,ba,ba_construction,大学把图书卖了,1
43,ba,ba_construction,大学被图书卖了,0
44,ba,ba_construction,吴宇涛把图书馆调查了,1
45,ba,ba_construction,吴宇涛被图书馆调查了,0
46,ba,ba_construction,王秀英把版画找了,1
47,ba,ba_construction,王秀英被版画找了,0
48,ba,ba_construction,陈哲把周慧敏的评论研究了,1
49,ba,ba_construction,陈哲被周慧敏的评论研究了,0
50,ba,ba_construction,吕小莲把高中摆脱了,1
51,ba,ba_construction,吕小莲被高中摆脱了,0
52,ba,ba_construction,高晗的女儿把椅子扔了,1
53,ba,ba_construction,高晗的女儿被椅子扔了,0
54,ba,ba_construction,石文静把仙人掌卖了,1
55,ba,ba_construction,石文静被仙人掌卖了,0
56,ba,ba_construction,那些参议员把帽子穿了,1
57,ba,ba_construction,那些参议员被帽子穿了,0
58,ba,ba_construction,敞篷车把西班牙转移了,1
59,ba,ba_construction,敞篷车被西班牙转移了,0
60,ba,ba_construction,李语嫣把脚拿了,1
61,ba,ba_construction,李语嫣被脚拿了,0
62,ba,ba_construction,毛妍纯把丘陵描述了,1
63,ba,ba_construction,毛妍纯被丘陵描述了,0
64,ba,ba_construction,刘聪聪把戏剧研究了,1
65,ba,ba_construction,刘聪聪被戏剧研究了,0
66,ba,ba_construction,有些客人的美发师把论文记住了,1
67,ba,ba_construction,有些客人的美发师被论文记住了,0
68,ba,ba_construction,王梦把戏剧描述了,1
69,ba,ba_construction,王梦被戏剧描述了,0
70,ba,ba_construction,那个年轻人的法语老师把林棋的短文检查了,1
71,ba,ba_construction,那个年轻人的法语老师被林棋的短文检查了,0
72,ba,ba_construction,关彤彤把手套打扫了,1
73,ba,ba_construction,关彤彤被手套打扫了,0
74,ba,ba_construction,王萍把嘴举了,1
75,ba,ba_construction,王萍被嘴举了,0
76,ba,ba_construction,樊颖的勤杂工把公司转移了,1
77,ba,ba_construction,樊颖的勤杂工被公司转移了,0
78,ba,ba_construction,印象派的合作人把王皓的展出研究了,1
79,ba,ba_construction,印象派的合作人被王皓的展出研究了,0
80,ba,ba_construction,那个女孩的参议员把杨颖的展出研究了,1
81,ba,ba_construction,那个女孩的参议员被杨颖的展出研究了,0
82,ba,ba_construction,那个客人的主管把围巾找了,1
83,ba,ba_construction,那个客人的主管被围巾找了,0
84,ba,ba_construction,高屹森把小册子记住了,1
85,ba,ba_construction,高屹森被小册子记住了,0
86,ba,ba_construction,有个女演员的员工把袜子穿了,1
87,ba,ba_construction,有个女演员的员工被袜子穿了,0
88,ba,ba_construction,李莫言把画作清洗了,1
89,ba,ba_construction,李莫言被画作清洗了,0
90,ba,ba_construction,王超把眼睛找了,1
91,ba,ba_construction,王超被眼睛找了,0
92,ba,ba_construction,赵文达把购物中心打扫了,1
93,ba,ba_construction,赵文达被购物中心打扫了,0
94,ba,ba_construction,克林顿夫妇的姐妹把大衣洗了,1
95,ba,ba_construction,克林顿夫妇的姐妹被大衣洗了,0
96,ba,ba_construction,有些青少年把山摆脱了,1
97,ba,ba_construction,有些青少年被山摆脱了,0
98,ba,ba_construction,王可馨把概要检查了,1
99,ba,ba_construction,王可馨被概要检查了,0
100,ba,ba_construction,这个学生把椅子扔了,1
101,ba,ba_construction,这个学生被椅子扔了,0
102,ba,ba_construction,齐燕把梯子找了,1
103,ba,ba_construction,齐燕被梯子找了,0
104,ba,ba_construction,韩娟把故事检查了,1
105,ba,ba_construction,韩娟被故事检查了,0
106,ba,ba_construction,那个男子的父亲们把书带了,1
107,ba,ba_construction,那个男子的父亲们被书带了,0
108,ba,ba_construction,王刚把王可馨的小册子检查了,1
109,ba,ba_construction,王刚被王可馨的小册子检查了,0
110,ba,ba_construction,谭言的学生们把杨芳的报告研究了,1
111,ba,ba_construction,谭言的学生们被杨芳的报告研究了,0
112,ba,ba_construction,王淑珍母亲把组织机构转移了,1
113,ba,ba_construction,王淑珍母亲被组织机构转移了,0
114,ba,ba_construction,张静把李思彤的报告卖了,1
115,ba,ba_construction,张静被李思彤的报告卖了,0
116,ba,ba_construction,张敏秀把王靖瑶的故事忘记了,1
117,ba,ba_construction,张敏秀被王靖瑶的故事忘记了,0
118,ba,ba_construction,赵梦婷把医院调查了,1
119,ba,ba_construction,赵梦婷被医院调查了,0
120,ba,ba_construction,张晓峰把卡车扔了,1
121,ba,ba_construction,张晓峰被卡车扔了,0
122,ba,ba_construction,陈红把高中讨论了,1
123,ba,ba_construction,陈红被高中讨论了,0
124,ba,ba_construction,王伟把饭店摆脱了,1
125,ba,ba_construction,王伟被饭店摆脱了,0
126,ba,ba_construction,邹雪辰的祖父把窗口卖了,1
127,ba,ba_construction,邹雪辰的祖父被窗口卖了,0
128,ba,ba_construction,毛妍纯的老师把湖摆脱了,1
129,ba,ba_construction,毛妍纯的老师被湖摆脱了,0
130,ba,ba_construction,孟杰的孙子把公司调查了,1
131,ba,ba_construction,孟杰的孙子被公司调查了,0
132,ba,ba_construction,有些顾客把图书馆搞乱了,1
133,ba,ba_construction,有些顾客被图书馆搞乱了,0
134,ba,ba_construction,杨玲的侄女把图书馆带了,1
135,ba,ba_construction,杨玲的侄女被图书馆带了,0
136,ba,ba_construction,这些客人把大衣穿了,1
137,ba,ba_construction,这些客人被大衣穿了,0
138,ba,ba_construction,那个孩子们把版画清洗了,1
139,ba,ba_construction,那个孩子们被版画清洗了,0
140,ba,ba_construction,金砚秋把画画带了,1
141,ba,ba_construction,金砚秋被画画带了,0
142,ba,ba_construction,这些司机的法语老师把纪录片检查了,1
143,ba,ba_construction,这些司机的法语老师被纪录片检查了,0
144,ba,ba_construction,陈桂兰把独轮车卖了,1
145,ba,ba_construction,陈桂兰被独轮车卖了,0
146,ba,ba_construction,毛衣把委员会转移了,1
147,ba,ba_construction,毛衣被委员会转移了,0
148,ba,ba_construction,那个患者的伙伴把碟子卖了,1
149,ba,ba_construction,那个患者的伙伴被碟子卖了,0
150,ba,ba_construction,那个女演员把图书记住了,1
151,ba,ba_construction,那个女演员被图书记住了,0
152,ba,ba_construction,赵菁菁把文章忘记了,1
153,ba,ba_construction,赵菁菁被文章忘记了,0
154,ba,ba_construction,博基亚家族把杂货商店摆脱了,1
155,ba,ba_construction,博基亚家族被杂货商店摆脱了,0
156,ba,ba_construction,高志民把学校拿了,1
157,ba,ba_construction,高志民被学校拿了,0
158,ba,ba_construction,这个男子把鞋子穿了,1
159,ba,ba_construction,这个男子被鞋子穿了,0
160,ba,ba_construction,刘丽把张厚望的评论描述了,1
161,ba,ba_construction,刘丽被张厚望的评论描述了,0
162,ba,ba_construction,那些女孩的姐妹把图书馆打扫了,1
163,ba,ba_construction,那些女孩的姐妹被图书馆打扫了,0
164,ba,ba_construction,这个老师把盘子搞乱了,1
165,ba,ba_construction,这个老师被盘子搞乱了,0
166,ba,ba_construction,那些客人的朋友们把艺术画廊讨论了,1
167,ba,ba_construction,那些客人的朋友们被艺术画廊讨论了,0
168,ba,ba_construction,有个学生的皮肤科医生把江洋的电影检查了,1
169,ba,ba_construction,有个学生的皮肤科医生被江洋的电影检查了,0
170,ba,ba_construction,马萌的侄女把银行打扫了,1
171,ba,ba_construction,马萌的侄女被银行打扫了,0
172,ba,ba_construction,高宁把评论研究了,1
173,ba,ba_construction,高宁被评论研究了,0
174,ba,ba_construction,李莫言把报告研究了,1
175,ba,ba_construction,李莫言被报告研究了,0
176,ba,ba_construction,有个参议员把咖啡馆摆脱了,1
177,ba,ba_construction,有个参议员被咖啡馆摆脱了,0
178,ba,ba_construction,刘景睿把立法机关调查了,1
179,ba,ba_construction,刘景睿被立法机关调查了,0
180,ba,ba_construction,这个女演员把卡车打破了,1
181,ba,ba_construction,这个女演员被卡车打破了,0
182,ba,ba_construction,克林顿夫妇把故事检查了,1
183,ba,ba_construction,克林顿夫妇被故事检查了,0
184,ba,ba_construction,这些男演员的祖父把政府调查了,1
185,ba,ba_construction,这些男演员的祖父被政府调查了,0
186,ba,ba_construction,王玉梅把周通的小册子检查了,1
187,ba,ba_construction,王玉梅被周通的小册子检查了,0
188,ba,ba_construction,那个儿童的合作人把花瓶打破了,1
189,ba,ba_construction,那个儿童的合作人被花瓶打破了,0
190,ba,ba_construction,这些家伙的朋友把委员会调查了,1
191,ba,ba_construction,这些家伙的朋友被委员会调查了,0
192,ba,ba_construction,李小红的前女友把李思彤的短文忘记了,1
193,ba,ba_construction,李小红的前女友被李思彤的短文忘记了,0
194,ba,ba_construction,吴美琳的父亲把盘子搞乱了,1
195,ba,ba_construction,吴美琳的父亲被盘子搞乱了,0
196,ba,ba_construction,郭美美绘画把委员会转移了,1
197,ba,ba_construction,郭美美绘画被委员会转移了,0
198,ba,ba_construction,那些男子的学生把纪录片检查了,1
199,ba,ba_construction,那些男子的学生被纪录片检查了,0
200,ba,ba_construction,关彤彤表亲把立法机关调查了,1
201,ba,ba_construction,关彤彤表亲被立法机关调查了,0
202,ba,ba_construction,刘颖把张秀兰的电影讨论了,1
203,ba,ba_construction,刘颖被张秀兰的电影讨论了,0
204,ba,ba_construction,大家把购物中心打扫了,1
205,ba,ba_construction,大家被购物中心打扫了,0
206,ba,ba_construction,柴静的来宾把杯子打扫了,1
207,ba,ba_construction,柴静的来宾被杯子打扫了,0
208,ba,ba_construction,贾雨静把大学校园卖了,1
209,ba,ba_construction,贾雨静被大学校园卖了,0
210,ba,ba_construction,杜嘉怡把花瓶打破了,1
211,ba,ba_construction,杜嘉怡被花瓶打破了,0
212,ba,ba_construction,那个男人把草图举了,1
213,ba,ba_construction,那个男人被草图举了,0
214,ba,ba_construction,吴宇涛的客人把小册子描述了,1
215,ba,ba_construction,吴宇涛的客人被小册子描述了,0
216,ba,ba_construction,有个儿童的皮肤科医生把博物馆调查了,1
217,ba,ba_construction,有个儿童的皮肤科医生被博物馆调查了,0
218,ba,ba_construction,吴美琳的参议员把眼镜清洗了,1
219,ba,ba_construction,吴美琳的参议员被眼镜清洗了,0
220,ba,ba_construction,杨敏娟把独轮车打破了,1
221,ba,ba_construction,杨敏娟被独轮车打破了,0
222,ba,ba_construction,周一博把咖啡馆打扫了,1
223,ba,ba_construction,周一博被咖啡馆打扫了,0
224,ba,ba_construction,陈丽把苏金燕的评论记住了,1
225,ba,ba_construction,陈丽被苏金燕的评论记住了,0
226,ba,ba_construction,李桐把长椅打破了,1
227,ba,ba_construction,李桐被长椅打破了,0
228,ba,ba_construction,黄子婷把医院调查了,1
229,ba,ba_construction,黄子婷被医院调查了,0
230,ba,ba_construction,刘志强的儿子把电影扫描了,1
231,ba,ba_construction,刘志强的儿子被电影扫描了,0
232,ba,ba_construction,张敏秀把周一博的故事描述了,1
233,ba,ba_construction,张敏秀被周一博的故事描述了,0
234,ba,ba_construction,戏剧把立法机关转移了,1
235,ba,ba_construction,戏剧被立法机关转移了,0
236,ba,ba_construction,那些家伙把视窗打破了,1
237,ba,ba_construction,那些家伙被视窗打破了,0
238,ba,ba_construction,陈子涵把电影院打扫了,1
239,ba,ba_construction,陈子涵被电影院打扫了,0
240,ba,ba_construction,李莫言的女儿把屏幕清洗了,1
241,ba,ba_construction,李莫言的女儿被屏幕清洗了,0
242,ba,ba_construction,张雨馨的外甥把盘子打扫了,1
243,ba,ba_construction,张雨馨的外甥被盘子打扫了,0
244,ba,ba_construction,这个人把小山讨论了,1
245,ba,ba_construction,这个人被小山讨论了,0
246,ba,ba_construction,那些女演员把盘子打扫了,1
247,ba,ba_construction,那些女演员被盘子打扫了,0
248,ba,ba_construction,米雪儿的老板把意大利面带了,1
249,ba,ba_construction,米雪儿的老板被意大利面带了,0
250,ba,ba_construction,米雪儿把马车扔了,1
251,ba,ba_construction,米雪儿被马车扔了,0
252,ba,ba_construction,刘桂兰把短裙穿了,1
253,ba,ba_construction,刘桂兰被短裙穿了,0
254,ba,ba_construction,刘超把黄子婷的报告扫描了,1
255,ba,ba_construction,刘超被黄子婷的报告扫描了,0
256,ba,ba_construction,那些年轻人的皮肤科医生把仙人掌清洗了,1
257,ba,ba_construction,那些年轻人的皮肤科医生被仙人掌清洗了,0
258,ba,ba_construction,詹静芳把短裙搞乱了,1
259,ba,ba_construction,詹静芳被短裙搞乱了,0
260,ba,ba_construction,舒婷把牙齿打扫了,1
261,ba,ba_construction,舒婷被牙齿打扫了,0
262,ba,ba_construction,许凯把电影忘记了,1
263,ba,ba_construction,许凯被电影忘记了,0
264,ba,ba_construction,刘聪聪把短裙清洗了,1
265,ba,ba_construction,刘聪聪被短裙清洗了,0
266,ba,ba_construction,叶凯琳把张超的小册子卖了,1
267,ba,ba_construction,叶凯琳被张超的小册子卖了,0
268,ba,ba_construction,有些司机的男朋友把论文讨论了,1
269,ba,ba_construction,有些司机的男朋友被论文讨论了,0
270,ba,ba_construction,赵菁菁的主管把脚清洗了,1
271,ba,ba_construction,赵菁菁的主管被脚清洗了,0
272,ba,ba_construction,张晓峰把医院调查了,1
273,ba,ba_construction,张晓峰被医院调查了,0
274,ba,ba_construction,有个舞蹈家的杂工把报纸文章拿了,1
275,ba,ba_construction,有个舞蹈家的杂工被报纸文章拿了,0
276,ba,ba_construction,马冬梅把学校转移了,1
277,ba,ba_construction,马冬梅被学校转移了,0
278,ba,ba_construction,莫奈把电影院搞乱了,1
279,ba,ba_construction,莫奈被电影院搞乱了,0
280,ba,ba_construction,吴美琳把连衣裙穿了,1
281,ba,ba_construction,吴美琳被连衣裙穿了,0
282,ba,ba_construction,王筱雅把大衣洗了,1
283,ba,ba_construction,王筱雅被大衣洗了,0
284,ba,ba_construction,朱天一把饭店打扫了,1
285,ba,ba_construction,朱天一被饭店打扫了,0
286,ba,ba_construction,这些女演员的导师把什么穿了,1
287,ba,ba_construction,这些女演员的导师被什么穿了,0
288,ba,ba_construction,孙文把李春梅的短文检查了,1
289,ba,ba_construction,孙文被李春梅的短文检查了,0
290,ba,ba_construction,赵菁菁把图书馆打扫了,1
291,ba,ba_construction,赵菁菁被图书馆打扫了,0
292,ba,ba_construction,孔薇把马车清洗了,1
293,ba,ba_construction,孔薇被马车清洗了,0
294,ba,ba_construction,王婷婷的孙子把王芳的传单研究了,1
295,ba,ba_construction,王婷婷的孙子被王芳的传单研究了,0
296,ba,ba_construction,有个青少年把董怡的评论忘记了,1
297,ba,ba_construction,有个青少年被董怡的评论忘记了,0
298,ba,ba_construction,施月把许逸航的展出研究了,1
299,ba,ba_construction,施月被许逸航的展出研究了,0
300,ba,ba_construction,王刚把连衣裙卖了,1
301,ba,ba_construction,王刚被连衣裙卖了,0
302,ba,ba_construction,这个出纳员把仇一诺的短文描述了,1
303,ba,ba_construction,这个出纳员被仇一诺的短文描述了,0
304,ba,ba_construction,那个校友的侄女把故事讨论了,1
305,ba,ba_construction,那个校友的侄女被故事讨论了,0
306,ba,ba_construction,马良的儿子把辣椒清洗了,1
307,ba,ba_construction,马良的儿子被辣椒清洗了,0
308,ba,ba_construction,李哲把故事扫描了,1
309,ba,ba_construction,李哲被故事扫描了,0
310,ba,ba_construction,张红梅把杂货商店讨论了,1
311,ba,ba_construction,张红梅被杂货商店讨论了,0
312,ba,ba_construction,黄敏把绘画找了,1
313,ba,ba_construction,黄敏被绘画找了,0
314,ba,ba_construction,王淑萍把袜子清洗了,1
315,ba,ba_construction,王淑萍被袜子清洗了,0
316,ba,ba_construction,王超把杨桂英的展出描述了,1
317,ba,ba_construction,王超被杨桂英的展出描述了,0
318,ba,ba_construction,杜嘉怡的朋友把医院调查了,1
319,ba,ba_construction,杜嘉怡的朋友被医院调查了,0
320,ba,ba_construction,李语嫣把夹克穿了,1
321,ba,ba_construction,李语嫣被夹克穿了,0
322,ba,ba_construction,那些客人的杂工把米雪儿的传单检查了,1
323,ba,ba_construction,那些客人的杂工被米雪儿的传单检查了,0
324,ba,ba_construction,狗把组织机构转移了,1
325,ba,ba_construction,狗被组织机构转移了,0
326,ba,ba_construction,蔡文璐把光找了,1
327,ba,ba_construction,蔡文璐被光找了,0
328,ba,ba_construction,邹雪辰把卡车打破了,1
329,ba,ba_construction,邹雪辰被卡车打破了,0
330,ba,ba_construction,王润东的前夫把草图拿了,1
331,ba,ba_construction,王润东的前夫被草图拿了,0
332,ba,ba_construction,张沛然把报告记住了,1
333,ba,ba_construction,张沛然被报告记住了,0
334,ba,ba_construction,伽利略的钢琴老师把绿洲卖了,1
335,ba,ba_construction,伽利略的钢琴老师被绿洲卖了,0
336,ba,ba_construction,那个儿童把敞篷车清洗了,1
337,ba,ba_construction,那个儿童被敞篷车清洗了,0
338,ba,ba_construction,有个顾客的孙女把政府转移了,1
339,ba,ba_construction,有个顾客的孙女被政府转移了,0
340,ba,ba_construction,王秀英的父亲把杨铭的小册子扫描了,1
341,ba,ba_construction,王秀英的父亲被杨铭的小册子扫描了,0
342,ba,ba_construction,徐黄的兄弟把艺术画廊摆脱了,1
343,ba,ba_construction,徐黄的兄弟被艺术画廊摆脱了,0
344,ba,ba_construction,李思彤的参议员把论文研究了,1
345,ba,ba_construction,李思彤的参议员被论文研究了,0
346,ba,ba_construction,赵梦婷的前妻把独轮车打破了,1
347,ba,ba_construction,赵梦婷的前妻被独轮车打破了,0
348,ba,ba_construction,崔思雨把政府调查了,1
349,ba,ba_construction,崔思雨被政府调查了,0
350,ba,ba_construction,薛雯把电脑打破了,1
351,ba,ba_construction,薛雯被电脑打破了,0
352,ba,ba_construction,这些医生把连衣裙洗了,1
353,ba,ba_construction,这些医生被连衣裙洗了,0
354,ba,ba_construction,赵诗涵的钢琴老师把盘子找了,1
355,ba,ba_construction,赵诗涵的钢琴老师被盘子找了,0
356,ba,ba_construction,金鹏把什么打破了,1
357,ba,ba_construction,金鹏被什么打破了,0
358,ba,ba_construction,钱雨婷把连衣裙洗了,1
359,ba,ba_construction,钱雨婷被连衣裙洗了,0
360,ba,ba_construction,有些男演员把戏剧忘记了,1
361,ba,ba_construction,有些男演员被戏剧忘记了,0
362,ba,ba_construction,马娟把戏剧忘记了,1
363,ba,ba_construction,马娟被戏剧忘记了,0
364,ba,ba_construction,周敏娜把舒婷的短文检查了,1
365,ba,ba_construction,周敏娜被舒婷的短文检查了,0
366,ba,ba_construction,那个家伙把电脑扔了,1
367,ba,ba_construction,那个家伙被电脑扔了,0
368,ba,ba_construction,朱德玲的前夫把博物馆讨论了,1
369,ba,ba_construction,朱德玲的前夫被博物馆讨论了,0
370,ba,ba_construction,米雪儿把组织机构调查了,1
371,ba,ba_construction,米雪儿被组织机构调查了,0
372,ba,ba_construction,张沛然母亲把报纸文章研究了,1
373,ba,ba_construction,张沛然母亲被报纸文章研究了,0
374,ba,ba_construction,崔兆亮的表姐把小山摆脱了,1
375,ba,ba_construction,崔兆亮的表姐被小山摆脱了,0
376,ba,ba_construction,这些客人的最好的朋友把大衣举了,1
377,ba,ba_construction,这些客人的最好的朋友被大衣举了,0
378,ba,ba_construction,李小红把砂锅菜找了,1
379,ba,ba_construction,李小红被砂锅菜找了,0
380,ba,ba_construction,李倩倩的杂工把电影院摆脱了,1
381,ba,ba_construction,李倩倩的杂工被电影院摆脱了,0
382,ba,ba_construction,有个人的法语老师把鞋子找了,1
383,ba,ba_construction,有个人的法语老师被鞋子找了,0
384,ba,ba_construction,王敏把小山拿了,1
385,ba,ba_construction,王敏被小山拿了,0
386,ba,ba_construction,谁把报纸文章忘记了,1
387,ba,ba_construction,谁被报纸文章忘记了,0
388,ba,ba_construction,那个男服务员的牙医把大衣穿了,1
389,ba,ba_construction,那个男服务员的牙医被大衣穿了,0
390,ba,ba_construction,图书馆把冰川讨论了,1
391,ba,ba_construction,图书馆被冰川讨论了,0
392,ba,ba_construction,金鹏把蛇卖了,1
393,ba,ba_construction,金鹏被蛇卖了,0
394,ba,ba_construction,魏新宇把报告记住了,1
395,ba,ba_construction,魏新宇被报告记住了,0
396,ba,ba_construction,马萌把西班牙转移了,1
397,ba,ba_construction,马萌被西班牙转移了,0
398,ba,ba_construction,高宁把何汉的小册子扫描了,1
399,ba,ba_construction,高宁被何汉的小册子扫描了,0
400,ba,ba_construction,核把委员会转移了,1
401,ba,ba_construction,核被委员会转移了,0
402,ba,ba_construction,这个女演员把兔子带了,1
403,ba,ba_construction,这个女演员被兔子带了,0
404,ba,ba_construction,刘超的最好的朋友把公园找了,1
405,ba,ba_construction,刘超的最好的朋友被公园找了,0
406,ba,ba_construction,赵文达把鞋子卖了,1
407,ba,ba_construction,赵文达被鞋子卖了,0
408,ba,ba_construction,有些女服务员把镜子扔了,1
409,ba,ba_construction,有些女服务员被镜子扔了,0
410,ba,ba_construction,金砚秋把记录片忘记了,1
411,ba,ba_construction,金砚秋被记录片忘记了,0
412,ba,ba_construction,王靖瑶把卡车拿了,1
413,ba,ba_construction,王靖瑶被卡车拿了,0
414,ba,ba_construction,李淑华的孙子把牛肉带了,1
415,ba,ba_construction,李淑华的孙子被牛肉带了,0
416,ba,ba_construction,有个男人把李小红的短文忘记了,1
417,ba,ba_construction,有个男人被李小红的短文忘记了,0
418,ba,ba_construction,那些后代把杨铭的报告记住了,1
419,ba,ba_construction,那些后代被杨铭的报告记住了,0
420,ba,ba_construction,张丽华把连衣裙带了,1
421,ba,ba_construction,张丽华被连衣裙带了,0
422,ba,ba_construction,苏金燕把沙发搞乱了,1
423,ba,ba_construction,苏金燕被沙发搞乱了,0
424,ba,ba_construction,米雪儿把银行打扫了,1
425,ba,ba_construction,米雪儿被银行打扫了,0
426,ba,ba_construction,有个男演员把艺术画廊打扫了,1
427,ba,ba_construction,有个男演员被艺术画廊打扫了,0
428,ba,ba_construction,黄子婷的孙子把独轮车扔了,1
429,ba,ba_construction,黄子婷的孙子被独轮车扔了,0
430,ba,ba_construction,金鹏的祖母把银行转移了,1
431,ba,ba_construction,金鹏的祖母被银行转移了,0
432,ba,ba_construction,那些顾客把图书馆搞乱了,1
433,ba,ba_construction,那些顾客被图书馆搞乱了,0
434,ba,ba_construction,这个医生把大学校园记住了,1
435,ba,ba_construction,这个医生被大学校园记住了,0
436,ba,ba_construction,李语嫣把赵唱的评论忘记了,1
437,ba,ba_construction,李语嫣被赵唱的评论忘记了,0
438,ba,ba_construction,何冰冰把独轮车打破了,1
439,ba,ba_construction,何冰冰被独轮车打破了,0
440,ba,ba_construction,柴静把王泽爽的报告检查了,1
441,ba,ba_construction,柴静被王泽爽的报告检查了,0
442,ba,ba_construction,吕小莲把女士衬衫穿了,1
443,ba,ba_construction,吕小莲被女士衬衫穿了,0
444,ba,ba_construction,王梦把盘子扔了,1
445,ba,ba_construction,王梦被盘子扔了,0
446,ba,ba_construction,有些学生的主管把分析研究了,1
447,ba,ba_construction,有些学生的主管被分析研究了,0
448,ba,ba_construction,周佳把光卖了,1
449,ba,ba_construction,周佳被光卖了,0
450,ba,ba_construction,李天月把博物馆搞乱了,1
451,ba,ba_construction,李天月被博物馆搞乱了,0
452,ba,ba_construction,王子豪把公园搞乱了,1
453,ba,ba_construction,王子豪被公园搞乱了,0
454,ba,ba_construction,朱德玲把虞佳蓉的展出讨论了,1
455,ba,ba_construction,朱德玲被虞佳蓉的展出讨论了,0
456,ba,ba_construction,毛毅把围巾找了,1
457,ba,ba_construction,毛毅被围巾找了,0
458,ba,ba_construction,王子豪的承包商把冰川摆脱了,1
459,ba,ba_construction,王子豪的承包商被冰川摆脱了,0
460,ba,ba_construction,张兴的律师把咖啡馆讨论了,1
461,ba,ba_construction,张兴的律师被咖啡馆讨论了,0
462,ba,ba_construction,裤子把银行转移了,1
463,ba,ba_construction,裤子被银行转移了,0
464,ba,ba_construction,唐月把披肩穿了,1
465,ba,ba_construction,唐月被披肩穿了,0
466,ba,ba_construction,虞佳蓉把小册子讨论了,1
467,ba,ba_construction,虞佳蓉被小册子讨论了,0
468,ba,ba_construction,有个出纳员的学员把评论扫描了,1
469,ba,ba_construction,有个出纳员的学员被评论扫描了,0
470,ba,ba_construction,梁楠的朋友把立法机关转移了,1
471,ba,ba_construction,梁楠的朋友被立法机关转移了,0
472,ba,ba_construction,那个青少年的同事把戏剧检查了,1
473,ba,ba_construction,那个青少年的同事被戏剧检查了,0
474,ba,ba_construction,齐燕把评论研究了,1
475,ba,ba_construction,齐燕被评论研究了,0
476,ba,ba_construction,周佳的钢琴老师把图书馆讨论了,1
477,ba,ba_construction,周佳的钢琴老师被图书馆讨论了,0
478,ba,ba_construction,陈晶把医院搞乱了,1
479,ba,ba_construction,陈晶被医院搞乱了,0
480,ba,ba_construction,那个顾客把袜子洗了,1
481,ba,ba_construction,那个顾客被袜子洗了,0
482,ba,ba_construction,马娟把庞华的舞台剧扫描了,1
483,ba,ba_construction,马娟被庞华的舞台剧扫描了,0
484,ba,ba_construction,那些医生的勤杂工把镜子拿了,1
485,ba,ba_construction,那些医生的勤杂工被镜子拿了,0
486,ba,ba_construction,朱德玲把电影院搞乱了,1
487,ba,ba_construction,朱德玲被电影院搞乱了,0
488,ba,ba_construction,王金凤把老鼠卖了,1
489,ba,ba_construction,王金凤被老鼠卖了,0
490,ba,ba_construction,那个女人的前妻把碟子扔了,1
491,ba,ba_construction,那个女人的前妻被碟子扔了,0
492,ba,ba_construction,这些男子的女儿把砂锅菜找了,1
493,ba,ba_construction,这些男子的女儿被砂锅菜找了,0
494,ba,ba_construction,公司把论文忘记了,1
495,ba,ba_construction,公司被论文忘记了,0
496,ba,ba_construction,谭言把绘画卖了,1
497,ba,ba_construction,谭言被绘画卖了,0
498,ba,ba_construction,石文静的孙子把李丹丹的短文忘记了,1
499,ba,ba_construction,石文静的孙子被李丹丹的短文忘记了,0
500,ba,ba_construction,刁晨曦把李莫言的书记住了,1
501,ba,ba_construction,刁晨曦被李莫言的书记住了,0
502,ba,ba_construction,高屹森把独轮车扔了,1
503,ba,ba_construction,高屹森被独轮车扔了,0
504,ba,ba_construction,张涛把杯子找了,1
505,ba,ba_construction,张涛被杯子找了,0
506,ba,ba_construction,罗西把论文讨论了,1
507,ba,ba_construction,罗西被论文讨论了,0
508,ba,ba_construction,徐伟的客人把饭店讨论了,1
509,ba,ba_construction,徐伟的客人被饭店讨论了,0
510,ba,ba_construction,杭美把投影机举了,1
511,ba,ba_construction,杭美被投影机举了,0
512,ba,ba_construction,王秀梅的牙医把眼睛带了,1
513,ba,ba_construction,王秀梅的牙医被眼睛带了,0
514,ba,ba_construction,赵梦婷把大衣穿了,1
515,ba,ba_construction,赵梦婷被大衣穿了,0
516,ba,ba_construction,这个男服务员把赵健杰的短文忘记了,1
517,ba,ba_construction,这个男服务员被赵健杰的短文忘记了,0
518,ba,ba_construction,有个女人的女儿们把玻璃打破了,1
519,ba,ba_construction,有个女人的女儿们被玻璃打破了,0
520,ba,ba_construction,那个顾客的皮肤科医生把小册子研究了,1
521,ba,ba_construction,那个顾客的皮肤科医生被小册子研究了,0
522,ba,ba_construction,李丹丹把鱼拿了,1
523,ba,ba_construction,李丹丹被鱼拿了,0
524,ba,ba_construction,何冰冰把衬衫举了,1
525,ba,ba_construction,何冰冰被衬衫举了,0
526,ba,ba_construction,那些学生把五大湖记住了,1
527,ba,ba_construction,那些学生被五大湖记住了,0
528,ba,ba_construction,刘霞把脸卖了,1
529,ba,ba_construction,刘霞被脸卖了,0
530,ba,ba_construction,陈桂兰的导师把脚拿了,1
531,ba,ba_construction,陈桂兰的导师被脚拿了,0
532,ba,ba_construction,王萍把分析忘记了,1
533,ba,ba_construction,王萍被分析忘记了,0
534,ba,ba_construction,那个顾客的水管工把博物馆调查了,1
535,ba,ba_construction,那个顾客的水管工被博物馆调查了,0
536,ba,ba_construction,李淑华把坡清洗了,1
537,ba,ba_construction,李淑华被坡清洗了,0
538,ba,ba_construction,赵佳莹母亲把严莉莉的故事研究了,1
539,ba,ba_construction,赵佳莹母亲被严莉莉的故事研究了,0
540,ba,ba_construction,孙一飞把连衣裙穿了,1
541,ba,ba_construction,孙一飞被连衣裙穿了,0
542,ba,ba_construction,马冬梅把鞋子洗了,1
543,ba,ba_construction,马冬梅被鞋子洗了,0
544,ba,ba_construction,高屹森把地毯搞乱了,1
545,ba,ba_construction,高屹森被地毯搞乱了,0
546,ba,ba_construction,宋瑞芝把王淑珍的评论扫描了,1
547,ba,ba_construction,宋瑞芝被王淑珍的评论扫描了,0
548,ba,ba_construction,这些青少年的女朋友把五大湖摆脱了,1
549,ba,ba_construction,这些青少年的女朋友被五大湖摆脱了,0
550,ba,ba_construction,刘思源的电工把电影研究了,1
551,ba,ba_construction,刘思源的电工被电影研究了,0
552,ba,ba_construction,这个男服务员把椅子打破了,1
553,ba,ba_construction,这个男服务员被椅子打破了,0
554,ba,ba_construction,罗西的参议员把购物中心摆脱了,1
555,ba,ba_construction,罗西的参议员被购物中心摆脱了,0
556,ba,ba_construction,有些女士把韩娟的印刷品拿了,1
557,ba,ba_construction,有些女士被韩娟的印刷品拿了,0
558,ba,ba_construction,董怡把银行转移了,1
559,ba,ba_construction,董怡被银行转移了,0
560,ba,ba_construction,黄敏把公园打扫了,1
561,ba,ba_construction,黄敏被公园打扫了,0
562,ba,ba_construction,秦凯把推车扔了,1
563,ba,ba_construction,秦凯被推车扔了,0
564,ba,ba_construction,刘超把周通的展出检查了,1
565,ba,ba_construction,刘超被周通的展出检查了,0
566,ba,ba_construction,孔薇把照片清洗了,1
567,ba,ba_construction,孔薇被照片清洗了,0
568,ba,ba_construction,克林顿夫妇把概要研究了,1
569,ba,ba_construction,克林顿夫妇被概要研究了,0
570,ba,ba_construction,有些女人的伙伴把汽车扔了,1
571,ba,ba_construction,有些女人的伙伴被汽车扔了,0
572,ba,ba_construction,沈辰把评论忘记了,1
573,ba,ba_construction,沈辰被评论忘记了,0
574,ba,ba_construction,戴楚楚的皮肤科医生把论文研究了,1
575,ba,ba_construction,戴楚楚的皮肤科医生被论文研究了,0
576,ba,ba_construction,这些女孩的父亲把戏剧扫描了,1
577,ba,ba_construction,这些女孩的父亲被戏剧扫描了,0
578,ba,ba_construction,叶凯琳的前男友把辣椒带了,1
579,ba,ba_construction,叶凯琳的前男友被辣椒带了,0
580,ba,ba_construction,那个参议员把冰柱带了,1
581,ba,ba_construction,那个参议员被冰柱带了,0
582,ba,ba_construction,吕小莲的孙女把独轮车打破了,1
583,ba,ba_construction,吕小莲的孙女被独轮车打破了,0
584,ba,ba_construction,有个人把林泽轩的报告研究了,1
585,ba,ba_construction,有个人被林泽轩的报告研究了,0
586,ba,ba_construction,郭瀚临的侄女把袜子带了,1
587,ba,ba_construction,郭瀚临的侄女被袜子带了,0
588,ba,ba_construction,高晗把协会调查了,1
589,ba,ba_construction,高晗被协会调查了,0
590,ba,ba_construction,这些学生的钢琴老师把王秀梅的评论描述了,1
591,ba,ba_construction,这些学生的钢琴老师被王秀梅的评论描述了,0
592,ba,ba_construction,丁雅静把立法机关转移了,1
593,ba,ba_construction,丁雅静被立法机关转移了,0
594,ba,ba_construction,戴楚楚把小册子扫描了,1
595,ba,ba_construction,戴楚楚被小册子扫描了,0
596,ba,ba_construction,王超的儿子把大衣洗了,1
597,ba,ba_construction,王超的儿子被大衣洗了,0
598,ba,ba_construction,汪乐知的侄女把分析检查了,1
599,ba,ba_construction,汪乐知的侄女被分析检查了,0
600,ba,ba_construction,王婷婷的祖母把山脉记住了,1
601,ba,ba_construction,王婷婷的祖母被山脉记住了,0
602,ba,ba_construction,何汉的钢琴老师把杂货商店拿了,1
603,ba,ba_construction,何汉的钢琴老师被杂货商店拿了,0
604,ba,ba_construction,张心仪把杯子打扫了,1
605,ba,ba_construction,张心仪被杯子打扫了,0
606,ba,ba_construction,有些女人的合作人把刘振平的故事扫描了,1
607,ba,ba_construction,有些女人的合作人被刘振平的故事扫描了,0
608,ba,ba_construction,凌菲把李天月的评论扫描了,1
609,ba,ba_construction,凌菲被李天月的评论扫描了,0
610,ba,ba_construction,叶梓的导师把叉子搞乱了,1
611,ba,ba_construction,叶梓的导师被叉子搞乱了,0
612,ba,ba_construction,这些老人的女儿们把敞篷车拿了,1
613,ba,ba_construction,这些老人的女儿们被敞篷车拿了,0
614,ba,ba_construction,那个出纳员的导师把牙齿卖了,1
615,ba,ba_construction,那个出纳员的导师被牙齿卖了,0
616,ba,ba_construction,这些患者的足病医生把马良的舞台剧研究了,1
617,ba,ba_construction,这些患者的足病医生被马良的舞台剧研究了,0
618,ba,ba_construction,刘桂兰把自行车打破了,1
619,ba,ba_construction,刘桂兰被自行车打破了,0
620,ba,ba_construction,刘雨欣把立法机关调查了,1
621,ba,ba_construction,刘雨欣被立法机关调查了,0
622,ba,ba_construction,沈佳宜的祖父把推车扔了,1
623,ba,ba_construction,沈佳宜的祖父被推车扔了,0
624,ba,ba_construction,那些男演员的皮肤科医生把医院描述了,1
625,ba,ba_construction,那些男演员的皮肤科医生被医院描述了,0
626,ba,ba_construction,韩梅梅把纪录片检查了,1
627,ba,ba_construction,韩梅梅被纪录片检查了,0
628,ba,ba_construction,吴美琳把杂货店打扫了,1
629,ba,ba_construction,吴美琳被杂货店打扫了,0
630,ba,ba_construction,仇一诺把蛇带了,1
631,ba,ba_construction,仇一诺被蛇带了,0
632,ba,ba_construction,马良把刺激找了,1
633,ba,ba_construction,马良被刺激找了,0
634,ba,ba_construction,方永晴把吴宇涛的报告扫描了,1
635,ba,ba_construction,方永晴被吴宇涛的报告扫描了,0
636,ba,ba_construction,这些行人把盘子打破了,1
637,ba,ba_construction,这些行人被盘子打破了,0
638,ba,ba_construction,陈俊把大学调查了,1
639,ba,ba_construction,陈俊被大学调查了,0
640,ba,ba_construction,王玉珍把王皓的传单讨论了,1
641,ba,ba_construction,王玉珍被王皓的传单讨论了,0
642,ba,ba_construction,刘雨欣把玻璃打扫了,1
643,ba,ba_construction,刘雨欣被玻璃打扫了,0
644,ba,ba_construction,王刚把叉子扔了,1
645,ba,ba_construction,王刚被叉子扔了,0
646,ba,ba_construction,王超把短裙穿了,1
647,ba,ba_construction,王超被短裙穿了,0
648,ba,ba_construction,姚美杏把医院调查了,1
649,ba,ba_construction,姚美杏被医院调查了,0
650,ba,ba_construction,有些男人的妻子把敞篷车扔了,1
651,ba,ba_construction,有些男人的妻子被敞篷车扔了,0
652,ba,ba_construction,柴静把艺术画廊讨论了,1
653,ba,ba_construction,柴静被艺术画廊讨论了,0
654,ba,ba_construction,公司把董玉洁的展出讨论了,1
655,ba,ba_construction,公司被董玉洁的展出讨论了,0
656,ba,ba_construction,有个顾客的电工把高中搞乱了,1
657,ba,ba_construction,有个顾客的电工被高中搞乱了,0
658,ba,ba_construction,钱伯谦把李伟的纪录片检查了,1
659,ba,ba_construction,钱伯谦被李伟的纪录片检查了,0
660,ba,ba_construction,伽利略把马车卖了,1
661,ba,ba_construction,伽利略被马车卖了,0
662,ba,ba_construction,吕小莲把哈佛大学调查了,1
663,ba,ba_construction,吕小莲被哈佛大学调查了,0
664,ba,ba_construction,张永祥把鞋子穿了,1
665,ba,ba_construction,张永祥被鞋子穿了,0
666,ba,ba_construction,这些人把概要讨论了,1
667,ba,ba_construction,这些人被概要讨论了,0
668,ba,ba_construction,那个家伙把绿洲拿了,1
669,ba,ba_construction,那个家伙被绿洲拿了,0
670,ba,ba_construction,有个女人把文章检查了,1
671,ba,ba_construction,有个女人被文章检查了,0
672,ba,ba_construction,有些行人把戏剧讨论了,1
673,ba,ba_construction,有些行人被戏剧讨论了,0
674,ba,ba_construction,陈晶的律师把图书举了,1
675,ba,ba_construction,陈晶的律师被图书举了,0
676,ba,ba_construction,这个儿童把报告研究了,1
677,ba,ba_construction,这个儿童被报告研究了,0
678,ba,ba_construction,克林顿夫妇把博物馆摆脱了,1
679,ba,ba_construction,克林顿夫妇被博物馆摆脱了,0
680,ba,ba_construction,有个老师把分析检查了,1
681,ba,ba_construction,有个老师被分析检查了,0
682,ba,ba_construction,那些女士把故事研究了,1
683,ba,ba_construction,那些女士被故事研究了,0
684,ba,ba_construction,赵健杰把论文检查了,1
685,ba,ba_construction,赵健杰被论文检查了,0
686,ba,ba_construction,有个司机把碟子打破了,1
687,ba,ba_construction,有个司机被碟子打破了,0
688,ba,ba_construction,赵健杰把周通的文章研究了,1
689,ba,ba_construction,赵健杰被周通的文章研究了,0
690,ba,ba_construction,张沛然把大衣穿了,1
691,ba,ba_construction,张沛然被大衣穿了,0
692,ba,ba_construction,绿洲把大学转移了,1
693,ba,ba_construction,绿洲被大学转移了,0
694,ba,ba_construction,谢梦梦表亲把袜子穿了,1
695,ba,ba_construction,谢梦梦表亲被袜子穿了,0
696,ba,ba_construction,协会把咖啡馆卖了,1
697,ba,ba_construction,协会被咖啡馆卖了,0
698,ba,ba_construction,张丽华把衬衫洗了,1
699,ba,ba_construction,张丽华被衬衫洗了,0
700,ba,ba_construction,楼梯把大学转移了,1
701,ba,ba_construction,楼梯被大学转移了,0
702,ba,ba_construction,那个顾客把汽车打扫了,1
703,ba,ba_construction,那个顾客被汽车打扫了,0
704,ba,ba_construction,王超把协会转移了,1
705,ba,ba_construction,王超被协会转移了,0
706,ba,ba_construction,杨铭把图书忘记了,1
707,ba,ba_construction,杨铭被图书忘记了,0
708,ba,ba_construction,张厚望把小册子研究了,1
709,ba,ba_construction,张厚望被小册子研究了,0
710,ba,ba_construction,谢天天把报告举了,1
711,ba,ba_construction,谢天天被报告举了,0
712,ba,ba_construction,有个校友把黄瓜卖了,1
713,ba,ba_construction,有个校友被黄瓜卖了,0
714,ba,ba_construction,许好把电影忘记了,1
715,ba,ba_construction,许好被电影忘记了,0
716,ba,ba_construction,郭瀚临把袜子穿了,1
717,ba,ba_construction,郭瀚临被袜子穿了,0
718,ba,ba_construction,有些学生把白饭清洗了,1
719,ba,ba_construction,有些学生被白饭清洗了,0
720,ba,ba_construction,马良把屏幕打破了,1
721,ba,ba_construction,马良被屏幕打破了,0
722,ba,ba_construction,许凯把山脉摆脱了,1
723,ba,ba_construction,许凯被山脉摆脱了,0
724,ba,ba_construction,谁把大学校园打扫了,1
725,ba,ba_construction,谁被大学校园打扫了,0
726,ba,ba_construction,医院把黄瓜卖了,1
727,ba,ba_construction,医院被黄瓜卖了,0
728,ba,ba_construction,陈红把绘画举了,1
729,ba,ba_construction,陈红被绘画举了,0
730,ba,ba_construction,李思佳的祖母把戏剧检查了,1
731,ba,ba_construction,李思佳的祖母被戏剧检查了,0
732,ba,ba_construction,林惠的祖父把图书研究了,1
733,ba,ba_construction,林惠的祖父被图书研究了,0
734,ba,ba_construction,庞华把杂货店讨论了,1
735,ba,ba_construction,庞华被杂货店讨论了,0
736,ba,ba_construction,这个校友的勤杂工把博物馆打扫了,1
737,ba,ba_construction,这个校友的勤杂工被博物馆打扫了,0
738,ba,ba_construction,那些顾客把棒冰带了,1
739,ba,ba_construction,那些顾客被棒冰带了,0
740,ba,ba_construction,李翔把委员会调查了,1
741,ba,ba_construction,李翔被委员会调查了,0
742,ba,ba_construction,王鑫把馅饼清洗了,1
743,ba,ba_construction,王鑫被馅饼清洗了,0
744,ba,ba_construction,这个参议员把高中搞乱了,1
745,ba,ba_construction,这个参议员被高中搞乱了,0
746,ba,ba_construction,李悦把大衣穿了,1
747,ba,ba_construction,李悦被大衣穿了,0
748,ba,ba_construction,王玉珍把连衣裙洗了,1
749,ba,ba_construction,王玉珍被连衣裙洗了,0
750,ba,ba_construction,舒婷把飞机卖了,1
751,ba,ba_construction,舒婷被飞机卖了,0
752,ba,ba_construction,那些客人的电工把西班牙调查了,1
753,ba,ba_construction,那些客人的电工被西班牙调查了,0
754,ba,ba_construction,莫奈的侄女把故事检查了,1
755,ba,ba_construction,莫奈的侄女被故事检查了,0
756,ba,ba_construction,这些行人的导师把邹雪辰的评论记住了,1
757,ba,ba_construction,这些行人的导师被邹雪辰的评论记住了,0
758,ba,ba_construction,刘旭敏把图书忘记了,1
759,ba,ba_construction,刘旭敏被图书忘记了,0
760,ba,ba_construction,那些女服务员的勤杂工把什么研究了,1
761,ba,ba_construction,那些女服务员的勤杂工被什么研究了,0
762,ba,ba_construction,有个男人把杯子扔了,1
763,ba,ba_construction,有个男人被杯子扔了,0
764,ba,ba_construction,唐月把椅子扔了,1
765,ba,ba_construction,唐月被椅子扔了,0
766,ba,ba_construction,孙文把博物馆调查了,1
767,ba,ba_construction,孙文被博物馆调查了,0
768,ba,ba_construction,金鹏把书研究了,1
769,ba,ba_construction,金鹏被书研究了,0
770,ba,ba_construction,有些学生的杂工把碟子打破了,1
771,ba,ba_construction,有些学生的杂工被碟子打破了,0
772,ba,ba_construction,刘桂珍把陈晶的舞台剧记住了,1
773,ba,ba_construction,刘桂珍被陈晶的舞台剧记住了,0
774,ba,ba_construction,刘颖把记录片描述了,1
775,ba,ba_construction,刘颖被记录片描述了,0
776,ba,ba_construction,刘超把椅子卖了,1
777,ba,ba_construction,刘超被椅子卖了,0
778,ba,ba_construction,有个女士把灯举了,1
779,ba,ba_construction,有个女士被灯举了,0
780,ba,ba_construction,郭佳茹的学生们把什么检查了,1
781,ba,ba_construction,郭佳茹的学生们被什么检查了,0
782,ba,ba_construction,温斯顿·丘吉尔把电影检查了,1
783,ba,ba_construction,温斯顿·丘吉尔被电影检查了,0
784,ba,ba_construction,陈天瑜把盒子清洗了,1
785,ba,ba_construction,陈天瑜被盒子清洗了,0
786,ba,ba_construction,这些孩子们把杂货店记住了,1
787,ba,ba_construction,这些孩子们被杂货店记住了,0
788,ba,ba_construction,罗西把毛衣举了,1
789,ba,ba_construction,罗西被毛衣举了,0
790,ba,ba_construction,有些男人把公园讨论了,1
791,ba,ba_construction,有些男人被公园讨论了,0
792,ba,ba_construction,那些女孩的姐妹把图纸带了,1
793,ba,ba_construction,那些女孩的姐妹被图纸带了,0
794,ba,ba_construction,马可把饭店摆脱了,1
795,ba,ba_construction,马可被饭店摆脱了,0
796,ba,ba_construction,杨颖的皮肤科医生把银行摆脱了,1
797,ba,ba_construction,杨颖的皮肤科医生被银行摆脱了,0
798,ba,ba_construction,贾雨静把陈志同的书忘记了,1
799,ba,ba_construction,贾雨静被陈志同的书忘记了,0
800,ba,ba_construction,窗口把协会转移了,1
801,ba,ba_construction,窗口被协会转移了,0
802,ba,ba_construction,陈志同把图书馆摆脱了,1
803,ba,ba_construction,陈志同被图书馆摆脱了,0
804,ba,ba_construction,薛雯的员工把杨波的舞台剧扫描了,1
805,ba,ba_construction,薛雯的员工被杨波的舞台剧扫描了,0
806,ba,ba_construction,张晓峰把书忘记了,1
807,ba,ba_construction,张晓峰被书忘记了,0
808,ba,ba_construction,这个男孩的肿瘤医师把杨波的报告检查了,1
809,ba,ba_construction,这个男孩的肿瘤医师被杨波的报告检查了,0
810,ba,ba_construction,刘振平把推车卖了,1
811,ba,ba_construction,刘振平被推车卖了,0
812,ba,ba_construction,董玉洁的父亲把姚美杏的展出忘记了,1
813,ba,ba_construction,董玉洁的父亲被姚美杏的展出忘记了,0
814,ba,ba_construction,王皓把电影扫描了,1
815,ba,ba_construction,王皓被电影扫描了,0
816,ba,ba_construction,赵菁菁把脚打破了,1
817,ba,ba_construction,赵菁菁被脚打破了,0
818,ba,ba_construction,路德教会把王靖瑶的评论检查了,1
819,ba,ba_construction,路德教会被王靖瑶的评论检查了,0
820,ba,ba_construction,这个老师的承包商把独轮车扔了,1
821,ba,ba_construction,这个老师的承包商被独轮车扔了,0
822,ba,ba_construction,那个男演员把报纸文章忘记了,1
823,ba,ba_construction,那个男演员被报纸文章忘记了,0
824,ba,ba_construction,杭美把阶梯清洗了,1
825,ba,ba_construction,杭美被阶梯清洗了,0
826,ba,ba_construction,张厚望的兄弟把面包带了,1
827,ba,ba_construction,张厚望的兄弟被面包带了,0
828,ba,ba_construction,分析把分析讨论了,1
829,ba,ba_construction,分析被分析讨论了,0
830,ba,ba_construction,印象派的朋友把书忘记了,1
831,ba,ba_construction,印象派的朋友被书忘记了,0
832,ba,ba_construction,有个参议员的牙医把庞华的评论讨论了,1
833,ba,ba_construction,有个参议员的牙医被庞华的评论讨论了,0
834,ba,ba_construction,王皓的孙女把冰川摆脱了,1
835,ba,ba_construction,王皓的孙女被冰川摆脱了,0
836,ba,ba_construction,虞佳蓉把沙发搞乱了,1
837,ba,ba_construction,虞佳蓉被沙发搞乱了,0
838,ba,ba_construction,王芳把独轮车打破了,1
839,ba,ba_construction,王芳被独轮车打破了,0
840,ba,ba_construction,高晗把公园摆脱了,1
841,ba,ba_construction,高晗被公园摆脱了,0
842,ba,ba_construction,唐月把推车扔了,1
843,ba,ba_construction,唐月被推车扔了,0
844,ba,ba_construction,张兴把戏剧检查了,1
845,ba,ba_construction,张兴被戏剧检查了,0
846,ba,ba_construction,张超的合作人把关彤彤的图片拿了,1
847,ba,ba_construction,张超的合作人被关彤彤的图片拿了,0
848,ba,ba_construction,王皓把艺术画廊带了,1
849,ba,ba_construction,王皓被艺术画廊带了,0
850,ba,ba_construction,许逸航把碟子扔了,1
851,ba,ba_construction,许逸航被碟子扔了,0
852,ba,ba_construction,仇一诺把叉子带了,1
853,ba,ba_construction,仇一诺被叉子带了,0
854,ba,ba_construction,刘桂珍把饭店摆脱了,1
855,ba,ba_construction,刘桂珍被饭店摆脱了,0
856,ba,ba_construction,唐月把陈志同的传单检查了,1
857,ba,ba_construction,唐月被陈志同的传单检查了,0
858,ba,ba_construction,卢诗韵把医院转移了,1
859,ba,ba_construction,卢诗韵被医院转移了,0
860,ba,ba_construction,那些女人的导师把博物馆打扫了,1
861,ba,ba_construction,那些女人的导师被博物馆打扫了,0
862,ba,ba_construction,凌菲把苹果拿了,1
863,ba,ba_construction,凌菲被苹果拿了,0
864,ba,ba_construction,何汉把蜡烛清洗了,1
865,ba,ba_construction,何汉被蜡烛清洗了,0
866,ba,ba_construction,宋兆旭把图片拿了,1
867,ba,ba_construction,宋兆旭被图片拿了,0
868,ba,ba_construction,唐月把视窗扔了,1
869,ba,ba_construction,唐月被视窗扔了,0
870,ba,ba_construction,孟杰把推车扔了,1
871,ba,ba_construction,孟杰被推车扔了,0
872,ba,ba_construction,委员会把飞机卖了,1
873,ba,ba_construction,委员会被飞机卖了,0
874,ba,ba_construction,王磊把绿洲举了,1
875,ba,ba_construction,王磊被绿洲举了,0
876,ba,ba_construction,赵乾把图书扫描了,1
877,ba,ba_construction,赵乾被图书扫描了,0
878,ba,ba_construction,赵乾把棒冰举了,1
879,ba,ba_construction,赵乾被棒冰举了,0
880,ba,ba_construction,组织机构把电影忘记了,1
881,ba,ba_construction,组织机构被电影忘记了,0
882,ba,ba_construction,张沛然把西班牙记住了,1
883,ba,ba_construction,张沛然被西班牙记住了,0
884,ba,ba_construction,刘雨欣把手套搞乱了,1
885,ba,ba_construction,刘雨欣被手套搞乱了,0
886,ba,ba_construction,这个出纳员的参议员把独轮车卖了,1
887,ba,ba_construction,这个出纳员的参议员被独轮车卖了,0
888,ba,ba_construction,刘志强把李思彤的印刷品清洗了,1
889,ba,ba_construction,刘志强被李思彤的印刷品清洗了,0
890,ba,ba_construction,王泽爽的父亲把高晗的书忘记了,1
891,ba,ba_construction,王泽爽的父亲被高晗的书忘记了,0
892,ba,ba_construction,何汉把杨桂英的短文研究了,1
893,ba,ba_construction,何汉被杨桂英的短文研究了,0
894,ba,ba_construction,赵佳莹把蘑菇卖了,1
895,ba,ba_construction,赵佳莹被蘑菇卖了,0
896,ba,ba_construction,石文静的儿子把镜子打破了,1
897,ba,ba_construction,石文静的儿子被镜子打破了,0
898,ba,ba_construction,有个男演员把医院调查了,1
899,ba,ba_construction,有个男演员被医院调查了,0
900,ba,ba_construction,杨芳把香蕉举了,1
901,ba,ba_construction,杨芳被香蕉举了,0
902,ba,ba_construction,刘雨欣把钱伯谦的故事扫描了,1
903,ba,ba_construction,刘雨欣被钱伯谦的故事扫描了,0
904,ba,ba_construction,刘思源的医生把眼睛找了,1
905,ba,ba_construction,刘思源的医生被眼睛找了,0
906,ba,ba_construction,张超把裤子洗了,1
907,ba,ba_construction,张超被裤子洗了,0
908,ba,ba_construction,薛雯把报纸文章研究了,1
909,ba,ba_construction,薛雯被报纸文章研究了,0
910,ba,ba_construction,刘聪聪的孙女把唐月的报告记住了,1
911,ba,ba_construction,刘聪聪的孙女被唐月的报告记住了,0
912,ba,ba_construction,张敏敏把书找了,1
913,ba,ba_construction,张敏敏被书找了,0
914,ba,ba_construction,有个医生把香菜拿了,1
915,ba,ba_construction,有个医生被香菜拿了,0
916,ba,ba_construction,毛妍纯把帽子拿了,1
917,ba,ba_construction,毛妍纯被帽子拿了,0
918,ba,ba_construction,林雨桐把艺术画廊打扫了,1
919,ba,ba_construction,林雨桐被艺术画廊打扫了,0
920,ba,ba_construction,庞华把玻璃扔了,1
921,ba,ba_construction,庞华被玻璃扔了,0
922,ba,ba_construction,黄敏把椅子带了,1
923,ba,ba_construction,黄敏被椅子带了,0
924,ba,ba_construction,徐伟把聚光灯举了,1
925,ba,ba_construction,徐伟被聚光灯举了,0
926,ba,ba_construction,卢诗韵把女士衬衫洗了,1
927,ba,ba_construction,卢诗韵被女士衬衫洗了,0
928,ba,ba_construction,包曼玉的最好的朋友把小册子清洗了,1
929,ba,ba_construction,包曼玉的最好的朋友被小册子清洗了,0
930,ba,ba_construction,窗口把组织机构转移了,1
931,ba,ba_construction,窗口被组织机构转移了,0
932,ba,ba_construction,李淑华把小册子忘记了,1
933,ba,ba_construction,李淑华被小册子忘记了,0
934,ba,ba_construction,这些儿童的兄弟把电影院讨论了,1
935,ba,ba_construction,这些儿童的兄弟被电影院讨论了,0
936,ba,ba_construction,杨桂英把论文扫描了,1
937,ba,ba_construction,杨桂英被论文扫描了,0
938,ba,ba_construction,张永祥把碟子举了,1
939,ba,ba_construction,张永祥被碟子举了,0
940,ba,ba_construction,陈丽把杂货店打扫了,1
941,ba,ba_construction,陈丽被杂货店打扫了,0
942,ba,ba_construction,有个校友的承包商把图书馆搞乱了,1
943,ba,ba_construction,有个校友的承包商被图书馆搞乱了,0
944,ba,ba_construction,有个医生的孙子把眼镜举了,1
945,ba,ba_construction,有个医生的孙子被眼镜举了,0
946,ba,ba_construction,那些孩子们把银行调查了,1
947,ba,ba_construction,那些孩子们被银行调查了,0
948,ba,ba_construction,马娟把评论扫描了,1
949,ba,ba_construction,马娟被评论扫描了,0
950,ba,ba_construction,许逸航把电脑卖了,1
951,ba,ba_construction,许逸航被电脑卖了,0
952,ba,ba_construction,叶梓把王金凤的评论描述了,1
953,ba,ba_construction,叶梓被王金凤的评论描述了,0
954,ba,ba_construction,这些人把饭店摆脱了,1
955,ba,ba_construction,这些人被饭店摆脱了,0
956,ba,ba_construction,陈桂兰把银行清洗了,1
957,ba,ba_construction,陈桂兰被银行清洗了,0
958,ba,ba_construction,政府把山脉记住了,1
959,ba,ba_construction,政府被山脉记住了,0
960,ba,ba_construction,徐洁把学校调查了,1
961,ba,ba_construction,徐洁被学校调查了,0
962,ba,ba_construction,张伟把学校摆脱了,1
963,ba,ba_construction,张伟被学校摆脱了,0
964,ba,ba_construction,万智芸把文章检查了,1
965,ba,ba_construction,万智芸被文章检查了,0
966,ba,ba_construction,张秀兰把故事扫描了,1
967,ba,ba_construction,张秀兰被故事扫描了,0
968,ba,ba_construction,赵唱把眼镜搞乱了,1
969,ba,ba_construction,赵唱被眼镜搞乱了,0
970,ba,ba_construction,这个儿童的父亲们把短裙洗了,1
971,ba,ba_construction,这个儿童的父亲们被短裙洗了,0
972,ba,ba_construction,有些舞蹈家的学员把咖啡店记住了,1
973,ba,ba_construction,有些舞蹈家的学员被咖啡店记住了,0
974,ba,ba_construction,谢梦梦把委员会调查了,1
975,ba,ba_construction,谢梦梦被委员会调查了,0
976,ba,ba_construction,张婷的祖母把概要检查了,1
977,ba,ba_construction,张婷的祖母被概要检查了,0
978,ba,ba_construction,李倩倩把地毯打扫了,1
979,ba,ba_construction,李倩倩被地毯打扫了,0
980,ba,ba_construction,李春梅的祖父把馅饼找了,1
981,ba,ba_construction,李春梅的祖父被馅饼找了,0
982,ba,ba_construction,这些顾客的电工把叉子拿了,1
983,ba,ba_construction,这些顾客的电工被叉子拿了,0
984,ba,ba_construction,那个年轻人的电工把贾栋的文章记住了,1
985,ba,ba_construction,那个年轻人的电工被贾栋的文章记住了,0
986,ba,ba_construction,有个医生把报纸文章带了,1
987,ba,ba_construction,有个医生被报纸文章带了,0
988,ba,ba_construction,魏新宇的导师把高中打扫了,1
989,ba,ba_construction,魏新宇的导师被高中打扫了,0
990,ba,ba_construction,谁把分析记住了,1
991,ba,ba_construction,谁被分析记住了,0
992,ba,ba_construction,关彤彤的前男友把汽车搞乱了,1
993,ba,ba_construction,关彤彤的前男友被汽车搞乱了,0
994,ba,ba_construction,张欣然把刁晨曦的传单检查了,1
995,ba,ba_construction,张欣然被刁晨曦的传单检查了,0
996,ba,ba_construction,陈天瑜把哈佛大学描述了,1
997,ba,ba_construction,陈天瑜被哈佛大学描述了,0
998,ba,ba_construction,陈桂兰把牙齿打破了,1
999,ba,ba_construction,陈桂兰被牙齿打破了,0
1000,ba,ba_construction,那个人的妻子把马找了,1
1001,ba,ba_construction,那个人的妻子被马找了,0
1002,ba,ba_construction,李思佳把核找了,1
1003,ba,ba_construction,李思佳被核找了,0
1004,ba,ba_construction,崔思雨把饭店打扫了,1
1005,ba,ba_construction,崔思雨被饭店打扫了,0
1006,ba,ba_construction,张欣然的同事把汽车搞乱了,1
1007,ba,ba_construction,张欣然的同事被汽车搞乱了,0
1008,ba,ba_construction,黄秀英把分析描述了,1
1009,ba,ba_construction,黄秀英被分析描述了,0
1010,ba,ba_construction,那些男人的水管工把大衣穿了,1
1011,ba,ba_construction,那些男人的水管工被大衣穿了,0
1012,ba,ba_construction,有个司机的主管把孟杰的电影检查了,1
1013,ba,ba_construction,有个司机的主管被孟杰的电影检查了,0
1014,ba,ba_construction,吴宇涛的美发师把玻璃搞乱了,1
1015,ba,ba_construction,吴宇涛的美发师被玻璃搞乱了,0
1016,ba,ba_construction,徐伟的水管工把手套穿了,1
1017,ba,ba_construction,徐伟的水管工被手套穿了,0
1018,ba,ba_construction,苏金燕把电脑拿了,1
1019,ba,ba_construction,苏金燕被电脑拿了,0
1020,ba,ba_construction,政治把大学转移了,1
1021,ba,ba_construction,政治被大学转移了,0
1022,ba,ba_construction,那个患者的同事把故事记住了,1
1023,ba,ba_construction,那个患者的同事被故事记住了,0
1024,ba,ba_construction,有些家伙把长椅打扫了,1
1025,ba,ba_construction,有些家伙被长椅打扫了,0
1026,ba,ba_construction,那个女士的学员把视窗打破了,1
1027,ba,ba_construction,那个女士的学员被视窗打破了,0
1028,ba,ba_construction,张敏敏的表亲把牙齿带了,1
1029,ba,ba_construction,张敏敏的表亲被牙齿带了,0
1030,ba,ba_construction,那个行人的牙医把概要忘记了,1
1031,ba,ba_construction,那个行人的牙医被概要忘记了,0
1032,ba,ba_construction,张静把椅子打扫了,1
1033,ba,ba_construction,张静被椅子打扫了,0
1034,ba,ba_construction,万智芸把胡艺珍的文章扫描了,1
1035,ba,ba_construction,万智芸被胡艺珍的文章扫描了,0
1036,ba,ba_construction,吴美琳把饭店记住了,1
1037,ba,ba_construction,吴美琳被饭店记住了,0
1038,ba,ba_construction,张静把学校摆脱了,1
1039,ba,ba_construction,张静被学校摆脱了,0
1040,ba,ba_construction,陈天瑜把卜泽伟的故事检查了,1
1041,ba,ba_construction,陈天瑜被卜泽伟的故事检查了,0
1042,ba,ba_construction,有个男人把论文检查了,1
1043,ba,ba_construction,有个男人被论文检查了,0
1044,ba,ba_construction,高屹森把眼镜搞乱了,1
1045,ba,ba_construction,高屹森被眼镜搞乱了,0
1046,ba,ba_construction,陈志同的孙子把披肩洗了,1
1047,ba,ba_construction,陈志同的孙子被披肩洗了,0
1048,ba,ba_construction,赵唱的父亲们把评论忘记了,1
1049,ba,ba_construction,赵唱的父亲们被评论忘记了,0
1050,ba,ba_construction,杨敏娟把山讨论了,1
1051,ba,ba_construction,杨敏娟被山讨论了,0
1052,ba,ba_construction,莫奈把番茄清洗了,1
1053,ba,ba_construction,莫奈被番茄清洗了,0
1054,ba,ba_construction,孙晓聪把花瓶找了,1
1055,ba,ba_construction,孙晓聪被花瓶找了,0
1056,ba,ba_construction,这个行人把卡车打破了,1
1057,ba,ba_construction,这个行人被卡车打破了,0
1058,ba,ba_construction,张婷把冰川讨论了,1
1059,ba,ba_construction,张婷被冰川讨论了,0
1060,ba,ba_construction,高晗把艺术画廊举了,1
1061,ba,ba_construction,高晗被艺术画廊举了,0
1062,ba,ba_construction,罗西的母亲把咖啡店找了,1
1063,ba,ba_construction,罗西的母亲被咖啡店找了,0
1064,ba,ba_construction,印象派把张伟的文章研究了,1
1065,ba,ba_construction,印象派被张伟的文章研究了,0
1066,ba,ba_construction,这个参议员的同学们把图书馆转移了,1
1067,ba,ba_construction,这个参议员的同学们被图书馆转移了,0
1068,ba,ba_construction,丁雅静的丈夫把西班牙描述了,1
1069,ba,ba_construction,丁雅静的丈夫被西班牙描述了,0
1070,ba,ba_construction,有些校友的前男友把哈佛大学转移了,1
1071,ba,ba_construction,有些校友的前男友被哈佛大学转移了,0
1072,ba,ba_construction,这个参议员的孙子把卡车扔了,1
1073,ba,ba_construction,这个参议员的孙子被卡车扔了,0
1074,ba,ba_construction,有些年轻人把分析忘记了,1
1075,ba,ba_construction,有些年轻人被分析忘记了,0
1076,ba,ba_construction,梁楠把高宁的故事检查了,1
1077,ba,ba_construction,梁楠被高宁的故事检查了,0
1078,ba,ba_construction,赵菁菁的兄弟把电影院摆脱了,1
1079,ba,ba_construction,赵菁菁的兄弟被电影院摆脱了,0
1080,ba,ba_construction,李淑华把委员会调查了,1
1081,ba,ba_construction,李淑华被委员会调查了,0
1082,ba,ba_construction,王润东把医院讨论了,1
1083,ba,ba_construction,王润东被医院讨论了,0
1084,ba,ba_construction,庞华的祖母把概要扫描了,1
1085,ba,ba_construction,庞华的祖母被概要扫描了,0
1086,ba,ba_construction,耶稣把学校转移了,1
1087,ba,ba_construction,耶稣被学校转移了,0
1088,ba,ba_construction,丘陵把哈佛大学转移了,1
1089,ba,ba_construction,丘陵被哈佛大学转移了,0
1090,ba,ba_construction,江洋的肿瘤医师把披肩洗了,1
1091,ba,ba_construction,江洋的肿瘤医师被披肩洗了,0
1092,ba,ba_construction,王淑珍把图书带了,1
1093,ba,ba_construction,王淑珍被图书带了,0
1094,ba,ba_construction,李悦的同事把委员会调查了,1
1095,ba,ba_construction,李悦的同事被委员会调查了,0
1096,ba,ba_construction,张欣然把眼睛找了,1
1097,ba,ba_construction,张欣然被眼睛找了,0
1098,ba,ba_construction,徐黄把汽车搞乱了,1
1099,ba,ba_construction,徐黄被汽车搞乱了,0
1100,ba,ba_construction,这个男演员的孙子把高中找了,1
1101,ba,ba_construction,这个男演员的孙子被高中找了,0
1102,ba,ba_construction,马娟的祖母把图片举了,1
1103,ba,ba_construction,马娟的祖母被图片举了,0
1104,ba,ba_construction,公司把赵菁菁的故事忘记了,1
1105,ba,ba_construction,公司被赵菁菁的故事忘记了,0
1106,ba,ba_construction,这个司机把医院描述了,1
1107,ba,ba_construction,这个司机被医院描述了,0
1108,ba,ba_construction,这些行人把公园搞乱了,1
1109,ba,ba_construction,这些行人被公园搞乱了,0
1110,ba,ba_construction,张涛把大学校园描述了,1
1111,ba,ba_construction,张涛被大学校园描述了,0
1112,ba,ba_construction,自行车把图书馆转移了,1
1113,ba,ba_construction,自行车被图书馆转移了,0
1114,ba,ba_construction,张琴把山讨论了,1
1115,ba,ba_construction,张琴被山讨论了,0
1116,ba,ba_construction,这些患者的客人把图书馆搞乱了,1
1117,ba,ba_construction,这些患者的客人被图书馆搞乱了,0
1118,ba,ba_construction,这个司机把小册子描述了,1
1119,ba,ba_construction,这个司机被小册子描述了,0
1120,ba,ba_construction,马萌把毛衣穿了,1
1121,ba,ba_construction,马萌被毛衣穿了,0
1122,ba,ba_construction,赵梦婷把山记住了,1
1123,ba,ba_construction,赵梦婷被山记住了,0
1124,ba,ba_construction,博物馆把照片拿了,1
1125,ba,ba_construction,博物馆被照片拿了,0
1126,ba,ba_construction,赵佳莹把银行讨论了,1
1127,ba,ba_construction,赵佳莹被银行讨论了,0
1128,ba,ba_construction,吴美琳把咖啡馆描述了,1
1129,ba,ba_construction,吴美琳被咖啡馆描述了,0
1130,ba,ba_construction,那些出纳员把赵佳莹的书忘记了,1
1131,ba,ba_construction,那些出纳员被赵佳莹的书忘记了,0
1132,ba,ba_construction,王淑萍把叉子扔了,1
1133,ba,ba_construction,王淑萍被叉子扔了,0
1134,ba,ba_construction,有些医生的合作人把连衣裙穿了,1
1135,ba,ba_construction,有些医生的合作人被连衣裙穿了,0
1136,ba,ba_construction,严莉莉把银行打扫了,1
1137,ba,ba_construction,严莉莉被银行打扫了,0
1138,ba,ba_construction,林雨桐把银行描述了,1
1139,ba,ba_construction,林雨桐被银行描述了,0
1140,ba,ba_construction,张琴把张红梅的书扫描了,1
1141,ba,ba_construction,张琴被张红梅的书扫描了,0
1142,ba,ba_construction,有些孩子们把公园搞乱了,1
1143,ba,ba_construction,有些孩子们被公园搞乱了,0
1144,ba,ba_construction,杨桂英的前夫把菌类举了,1
1145,ba,ba_construction,杨桂英的前夫被菌类举了,0
1146,ba,ba_construction,韩梅梅把银行搞乱了,1
1147,ba,ba_construction,韩梅梅被银行搞乱了,0
1148,ba,ba_construction,赵诗涵把脸带了,1
1149,ba,ba_construction,赵诗涵被脸带了,0
1150,ba,ba_construction,梅丽的祖母把屏幕带了,1
1151,ba,ba_construction,梅丽的祖母被屏幕带了,0
1152,ba,ba_construction,吴宇涛把屏幕打破了,1
1153,ba,ba_construction,吴宇涛被屏幕打破了,0
1154,ba,ba_construction,刘丽把图书馆搞乱了,1
1155,ba,ba_construction,刘丽被图书馆搞乱了,0
1156,ba,ba_construction,有个人把地毯搞乱了,1
1157,ba,ba_construction,有个人被地毯搞乱了,0
1158,ba,ba_construction,于凯丽的承办商把敞篷车打破了,1
1159,ba,ba_construction,于凯丽的承办商被敞篷车打破了,0
1160,ba,ba_construction,周慧敏把王梦的纪录片扫描了,1
1161,ba,ba_construction,周慧敏被王梦的纪录片扫描了,0
1162,ba,ba_construction,张婷把窗口扔了,1
1163,ba,ba_construction,张婷被窗口扔了,0
1164,ba,ba_construction,有个女士的美发师把论文记住了,1
1165,ba,ba_construction,有个女士的美发师被论文记住了,0
1166,ba,ba_construction,周通把艺术画廊摆脱了,1
1167,ba,ba_construction,周通被艺术画廊摆脱了,0
1168,ba,ba_construction,韩娟把医院调查了,1
1169,ba,ba_construction,韩娟被医院调查了,0
1170,ba,ba_construction,洪燕平把政府调查了,1
1171,ba,ba_construction,洪燕平被政府调查了,0
1172,ba,ba_construction,樊颖把杯子扔了,1
1173,ba,ba_construction,樊颖被杯子扔了,0
1174,ba,ba_construction,陈天瑜把学校描述了,1
1175,ba,ba_construction,陈天瑜被学校描述了,0
1176,ba,ba_construction,姚美杏把脚扔了,1
1177,ba,ba_construction,姚美杏被脚扔了,0
1178,ba,ba_construction,刘振平的侄女把短裙洗了,1
1179,ba,ba_construction,刘振平的侄女被短裙洗了,0
1180,ba,ba_construction,杨桂英把学校调查了,1
1181,ba,ba_construction,杨桂英被学校调查了,0
1182,ba,ba_construction,王皓把李思佳的传单忘记了,1
1183,ba,ba_construction,王皓被李思佳的传单忘记了,0
1184,ba,ba_construction,路德教会把文章扫描了,1
1185,ba,ba_construction,路德教会被文章扫描了,0
1186,ba,ba_construction,汪乐知把医院搞乱了,1
1187,ba,ba_construction,汪乐知被医院搞乱了,0
1188,ba,ba_construction,赵梦婷把宋瑞芝的书描述了,1
1189,ba,ba_construction,赵梦婷被宋瑞芝的书描述了,0
1190,ba,ba_construction,王鑫把陈俊的文章带了,1
1191,ba,ba_construction,王鑫被陈俊的文章带了,0
1192,ba,ba_construction,那些出纳员的父亲们把湖带了,1
1193,ba,ba_construction,那些出纳员的父亲们被湖带了,0
1194,ba,ba_construction,金砚秋把玻璃打扫了,1
1195,ba,ba_construction,金砚秋被玻璃打扫了,0
1196,ba,ba_construction,卞紫薇的伙伴把戏剧扫描了,1
1197,ba,ba_construction,卞紫薇的伙伴被戏剧扫描了,0
1198,ba,ba_construction,周通的美发师把艺术画廊卖了,1
1199,ba,ba_construction,周通的美发师被艺术画廊卖了,0
1200,ba,ba_construction,王秀英的兄弟把图书馆打扫了,1
1201,ba,ba_construction,王秀英的兄弟被图书馆打扫了,0
1202,ba,ba_construction,周敏娜把艺术画廊讨论了,1
1203,ba,ba_construction,周敏娜被艺术画廊讨论了,0
1204,ba,ba_construction,那个出纳员的肿瘤医师把连衣裙举了,1
1205,ba,ba_construction,那个出纳员的肿瘤医师被连衣裙举了,0
1206,ba,ba_construction,王磊把鱼清洗了,1
1207,ba,ba_construction,王磊被鱼清洗了,0
1208,ba,ba_construction,许好的祖母把大衣找了,1
1209,ba,ba_construction,许好的祖母被大衣找了,0
1210,ba,ba_construction,舒婷把小山描述了,1
1211,ba,ba_construction,舒婷被小山描述了,0
1212,ba,ba_construction,那些青少年把分析扫描了,1
1213,ba,ba_construction,那些青少年被分析扫描了,0
1214,ba,ba_construction,毛毅把董玉洁的舞台剧讨论了,1
1215,ba,ba_construction,毛毅被董玉洁的舞台剧讨论了,0
1216,ba,ba_construction,那个女演员把飞机打破了,1
1217,ba,ba_construction,那个女演员被飞机打破了,0
1218,ba,ba_construction,刘丽的学员把飞机卖了,1
1219,ba,ba_construction,刘丽的学员被飞机卖了,0
1220,ba,ba_construction,孙龙把围巾洗了,1
1221,ba,ba_construction,孙龙被围巾洗了,0
1222,ba,ba_construction,于凯丽把白饭找了,1
1223,ba,ba_construction,于凯丽被白饭找了,0
1224,ba,ba_construction,梁毅把鸟拿了,1
1225,ba,ba_construction,梁毅被鸟拿了,0
1226,ba,ba_construction,杨颖把报告记住了,1
1227,ba,ba_construction,杨颖被报告记住了,0
1228,ba,ba_construction,那个青少年把地毯清洗了,1
1229,ba,ba_construction,那个青少年被地毯清洗了,0
1230,ba,ba_construction,魏新宇把冰川记住了,1
1231,ba,ba_construction,魏新宇被冰川记住了,0
1232,ba,ba_construction,有个年轻人把围巾穿了,1
1233,ba,ba_construction,有个年轻人被围巾穿了,0
1234,ba,ba_construction,郝良帅把黄秀英的书研究了,1
1235,ba,ba_construction,郝良帅被黄秀英的书研究了,0
1236,ba,ba_construction,论文把报告讨论了,1
1237,ba,ba_construction,论文被报告讨论了,0
1238,ba,ba_construction,李思彤的员工把论文记住了,1
1239,ba,ba_construction,李思彤的员工被论文记住了,0
1240,ba,ba_construction,这个人把手套洗了,1
1241,ba,ba_construction,这个人被手套洗了,0
1242,ba,ba_construction,游欢欢把高中打扫了,1
1243,ba,ba_construction,游欢欢被高中打扫了,0
1244,ba,ba_construction,这个舞蹈家的美发师把版画清洗了,1
1245,ba,ba_construction,这个舞蹈家的美发师被版画清洗了,0
1246,ba,ba_construction,大家把大学调查了,1
1247,ba,ba_construction,大家被大学调查了,0
1248,ba,ba_construction,孔薇把鞋子搞乱了,1
1249,ba,ba_construction,孔薇被鞋子搞乱了,0
1250,ba,ba_construction,卜泽伟把协会调查了,1
1251,ba,ba_construction,卜泽伟被协会调查了,0
1252,ba,ba_construction,王金凤把小册子描述了,1
1253,ba,ba_construction,王金凤被小册子描述了,0
1254,ba,ba_construction,有个女孩把陈晶的短文研究了,1
1255,ba,ba_construction,有个女孩被陈晶的短文研究了,0
1256,ba,ba_construction,有个患者的律师把叉子打破了,1
1257,ba,ba_construction,有个患者的律师被叉子打破了,0
1258,ba,ba_construction,高婷婷把孔薇的展出扫描了,1
1259,ba,ba_construction,高婷婷被孔薇的展出扫描了,0
1260,ba,ba_construction,杨颖的妹妹把图书扫描了,1
1261,ba,ba_construction,杨颖的妹妹被图书扫描了,0
1262,ba,ba_construction,毛毅的牙医把砂锅菜找了,1
1263,ba,ba_construction,毛毅的牙医被砂锅菜找了,0
1264,ba,ba_construction,许好把台灯拿了,1
1265,ba,ba_construction,许好被台灯拿了,0
1266,ba,ba_construction,齐燕把敞篷车打破了,1
1267,ba,ba_construction,齐燕被敞篷车打破了,0
1268,ba,ba_construction,詹静芳把杯子搞乱了,1
1269,ba,ba_construction,詹静芳被杯子搞乱了,0
1270,ba,ba_construction,陈哲把河清洗了,1
1271,ba,ba_construction,陈哲被河清洗了,0
1272,ba,ba_construction,这些女人的前男友把政府调查了,1
1273,ba,ba_construction,这些女人的前男友被政府调查了,0
1274,ba,ba_construction,李文清的参议员把赵文达绘画举了,1
1275,ba,ba_construction,李文清的参议员被赵文达绘画举了,0
1276,ba,ba_construction,林泽轩把赵诗涵的评论描述了,1
1277,ba,ba_construction,林泽轩被赵诗涵的评论描述了,0
1278,ba,ba_construction,刘超的兄弟把鱼卖了,1
1279,ba,ba_construction,刘超的兄弟被鱼卖了,0
1280,ba,ba_construction,学校把鱼卖了,1
1281,ba,ba_construction,学校被鱼卖了,0
1282,ba,ba_construction,陈哲把帽子洗了,1
1283,ba,ba_construction,陈哲被帽子洗了,0
1284,ba,ba_construction,孙领把马车打破了,1
1285,ba,ba_construction,孙领被马车打破了,0
1286,ba,ba_construction,有些青少年把图书馆摆脱了,1
1287,ba,ba_construction,有些青少年被图书馆摆脱了,0
1288,ba,ba_construction,杨铭把组织机构转移了,1
1289,ba,ba_construction,杨铭被组织机构转移了,0
1290,ba,ba_construction,高屹森把地毯卖了,1
1291,ba,ba_construction,高屹森被地毯卖了,0
1292,ba,ba_construction,那些男演员的朋友把帽子洗了,1
1293,ba,ba_construction,那些男演员的朋友被帽子洗了,0
1294,ba,ba_construction,陈红把学校调查了,1
1295,ba,ba_construction,陈红被学校调查了,0
1296,ba,ba_construction,有个女士的老师把狗卖了,1
1297,ba,ba_construction,有个女士的老师被狗卖了,0
1298,ba,ba_construction,齐燕把碟子打破了,1
1299,ba,ba_construction,齐燕被碟子打破了,0
1300,ba,ba_construction,崔兆亮把大学转移了,1
1301,ba,ba_construction,崔兆亮被大学转移了,0
1302,ba,ba_construction,周慧敏的孙女把猪肉卖了,1
1303,ba,ba_construction,周慧敏的孙女被猪肉卖了,0
1304,ba,ba_construction,杨桂英表亲把衬衫举了,1
1305,ba,ba_construction,杨桂英表亲被衬衫举了,0
1306,ba,ba_construction,刘振平把杂货商店搞乱了,1
1307,ba,ba_construction,刘振平被杂货商店搞乱了,0
1308,ba,ba_construction,有个参议员把牛找了,1
1309,ba,ba_construction,有个参议员被牛找了,0
1310,ba,ba_construction,李文清把杂货店找了,1
1311,ba,ba_construction,李文清被杂货店找了,0
1312,ba,ba_construction,林雨桐的朋友把电脑打破了,1
1313,ba,ba_construction,林雨桐的朋友被电脑打破了,0
1314,ba,ba_construction,凌菲的勤杂工把张欣然的短文忘记了,1
1315,ba,ba_construction,凌菲的勤杂工被张欣然的短文忘记了,0
1316,ba,ba_construction,陈天瑜把分析扫描了,1
1317,ba,ba_construction,陈天瑜被分析扫描了,0
1318,ba,ba_construction,卜泽伟的参议员把博物馆打扫了,1
1319,ba,ba_construction,卜泽伟的参议员被博物馆打扫了,0
1320,ba,ba_construction,严莉莉把沙发打扫了,1
1321,ba,ba_construction,严莉莉被沙发打扫了,0
1322,ba,ba_construction,李林把图书馆转移了,1
1323,ba,ba_construction,李林被图书馆转移了,0
1324,ba,ba_construction,这些儿童的孙女把立法机关调查了,1
1325,ba,ba_construction,这些儿童的孙女被立法机关调查了,0
1326,ba,ba_construction,这些男服务员的丈夫把夏雨琳的电影描述了,1
1327,ba,ba_construction,这些男服务员的丈夫被夏雨琳的电影描述了,0
1328,ba,ba_construction,那些成人把袜子洗了,1
1329,ba,ba_construction,那些成人被袜子洗了,0
1330,ba,ba_construction,马可把银行记住了,1
1331,ba,ba_construction,马可被银行记住了,0
1332,ba,ba_construction,夏雨琳把脚打扫了,1
1333,ba,ba_construction,夏雨琳被脚打扫了,0
1334,ba,ba_construction,这个司机的儿子们把披肩找了,1
1335,ba,ba_construction,这个司机的儿子们被披肩找了,0
1336,ba,ba_construction,李小红把概要扫描了,1
1337,ba,ba_construction,李小红被概要扫描了,0
1338,ba,ba_construction,赵诗涵的老师把学校搞乱了,1
1339,ba,ba_construction,赵诗涵的老师被学校搞乱了,0
1340,ba,ba_construction,许凯的最好的朋友把汽车拿了,1
1341,ba,ba_construction,许凯的最好的朋友被汽车拿了,0
1342,ba,ba_construction,李小红把披肩穿了,1
1343,ba,ba_construction,李小红被披肩穿了,0
1344,ba,ba_construction,王婷婷把眼睛带了,1
1345,ba,ba_construction,王婷婷被眼睛带了,0
1346,ba,ba_construction,陈天瑜把崔思雨的小册子研究了,1
1347,ba,ba_construction,陈天瑜被崔思雨的小册子研究了,0
1348,ba,ba_construction,周通把裤子举了,1
1349,ba,ba_construction,周通被裤子举了,0
1350,ba,ba_construction,牛把立法机关转移了,1
1351,ba,ba_construction,牛被立法机关转移了,0
1352,ba,ba_construction,周敏娜的主管把电影检查了,1
1353,ba,ba_construction,周敏娜的主管被电影检查了,0
1354,ba,ba_construction,薛雯把电影忘记了,1
1355,ba,ba_construction,薛雯被电影忘记了,0
1356,ba,ba_construction,这些女孩的孙女把连衣裙洗了,1
1357,ba,ba_construction,这些女孩的孙女被连衣裙洗了,0
1358,ba,ba_construction,王玉珍表亲把女士衬衫洗了,1
1359,ba,ba_construction,王玉珍表亲被女士衬衫洗了,0
1360,ba,ba_construction,王婷婷把卡车找了,1
1361,ba,ba_construction,王婷婷被卡车找了,0
1362,ba,ba_construction,有个老人把大衣穿了,1
1363,ba,ba_construction,有个老人被大衣穿了,0
1364,ba,ba_construction,这个男子的伙伴把棒冰带了,1
1365,ba,ba_construction,这个男子的伙伴被棒冰带了,0
1366,ba,ba_construction,辣椒把大学转移了,1
1367,ba,ba_construction,辣椒被大学转移了,0
1368,ba,ba_construction,赵诗涵把丘陵摆脱了,1
1369,ba,ba_construction,赵诗涵被丘陵摆脱了,0
1370,ba,ba_construction,齐燕把衬衫找了,1
1371,ba,ba_construction,齐燕被衬衫找了,0
1372,ba,ba_construction,秦可岚的皮肤科医生把黄瓜卖了,1
1373,ba,ba_construction,秦可岚的皮肤科医生被黄瓜卖了,0
1374,ba,ba_construction,郑沁欣把组织机构调查了,1
1375,ba,ba_construction,郑沁欣被组织机构调查了,0
1376,ba,ba_construction,王月把独轮车扔了,1
1377,ba,ba_construction,王月被独轮车扔了,0
1378,ba,ba_construction,刘霞的兄弟把电脑打破了,1
1379,ba,ba_construction,刘霞的兄弟被电脑打破了,0
1380,ba,ba_construction,那个女孩把报纸文章扫描了,1
1381,ba,ba_construction,那个女孩被报纸文章扫描了,0
1382,ba,ba_construction,吴宇涛把分析检查了,1
1383,ba,ba_construction,吴宇涛被分析检查了,0
1384,ba,ba_construction,李悦把马可的书忘记了,1
1385,ba,ba_construction,李悦被马可的书忘记了,0
1386,ba,ba_construction,那个校友把分析检查了,1
1387,ba,ba_construction,那个校友被分析检查了,0
1388,ba,ba_construction,刘雨欣把张涛的传单扫描了,1
1389,ba,ba_construction,刘雨欣被张涛的传单扫描了,0
1390,ba,ba_construction,这个儿童把蘑菇举了,1
1391,ba,ba_construction,这个儿童被蘑菇举了,0
1392,ba,ba_construction,王皓把图书检查了,1
1393,ba,ba_construction,王皓被图书检查了,0
1394,ba,ba_construction,大家把女士衬衫洗了,1
1395,ba,ba_construction,大家被女士衬衫洗了,0
1396,ba,ba_construction,杨波的父亲把杂货商店描述了,1
1397,ba,ba_construction,杨波的父亲被杂货商店描述了,0
1398,ba,ba_construction,张欣然把鹿找了,1
1399,ba,ba_construction,张欣然被鹿找了,0
1400,ba,ba_construction,孙文把鞋子洗了,1
1401,ba,ba_construction,孙文被鞋子洗了,0
1402,ba,ba_construction,许逸航母亲把蛇拿了,1
1403,ba,ba_construction,许逸航母亲被蛇拿了,0
1404,ba,ba_construction,陈志同把帽子穿了,1
1405,ba,ba_construction,陈志同被帽子穿了,0
1406,ba,ba_construction,郝良帅的祖母把学校摆脱了,1
1407,ba,ba_construction,郝良帅的祖母被学校摆脱了,0
1408,ba,ba_construction,陈红的文章把立法机关转移了,1
1409,ba,ba_construction,陈红的文章被立法机关转移了,0
1410,ba,ba_construction,谢梦梦把赵文达的小册子检查了,1
1411,ba,ba_construction,谢梦梦被赵文达的小册子检查了,0
1412,ba,ba_construction,那个儿童把地毯打扫了,1
1413,ba,ba_construction,那个儿童被地毯打扫了,0
1414,ba,ba_construction,叶凯琳把地毯拿了,1
1415,ba,ba_construction,叶凯琳被地毯拿了,0
1416,ba,ba_construction,吕小莲的母亲把公园打扫了,1
1417,ba,ba_construction,吕小莲的母亲被公园打扫了,0
1418,ba,ba_construction,沈佳宜把长椅打破了,1
1419,ba,ba_construction,沈佳宜被长椅打破了,0
1420,ba,ba_construction,那些女孩把许好的书忘记了,1
1421,ba,ba_construction,那些女孩被许好的书忘记了,0
1422,ba,ba_construction,王刚把政府调查了,1
1423,ba,ba_construction,王刚被政府调查了,0
1424,ba,ba_construction,孙晓聪的伴侣把哈佛大学摆脱了,1
1425,ba,ba_construction,孙晓聪的伴侣被哈佛大学摆脱了,0
1426,ba,ba_construction,刘思源把章鱼举了,1
1427,ba,ba_construction,刘思源被章鱼举了,0
1428,ba,ba_construction,学校把高中讨论了,1
1429,ba,ba_construction,学校被高中讨论了,0
1430,ba,ba_construction,蔡文璐把西班牙调查了,1
1431,ba,ba_construction,蔡文璐被西班牙调查了,0
1432,ba,ba_construction,温斯顿·丘吉尔把椅子拿了,1
1433,ba,ba_construction,温斯顿·丘吉尔被椅子拿了,0
1434,ba,ba_construction,那些顾客把仙人掌找了,1
1435,ba,ba_construction,那些顾客被仙人掌找了,0
1436,ba,ba_construction,那些女服务员把杯子扔了,1
1437,ba,ba_construction,那些女服务员被杯子扔了,0
1438,ba,ba_construction,樊颖把冰川摆脱了,1
1439,ba,ba_construction,樊颖被冰川摆脱了,0
1440,ba,ba_construction,王月的导师把李天月的评论扫描了,1
1441,ba,ba_construction,王月的导师被李天月的评论扫描了,0
1442,ba,ba_construction,孙一飞把报告记住了,1
1443,ba,ba_construction,孙一飞被报告记住了,0
1444,ba,ba_construction,林惠把学校描述了,1
1445,ba,ba_construction,林惠被学校描述了,0
1446,ba,ba_construction,王金凤把高中摆脱了,1
1447,ba,ba_construction,王金凤被高中摆脱了,0
1448,ba,ba_construction,有些患者把花瓶举了,1
1449,ba,ba_construction,有些患者被花瓶举了,0
1450,ba,ba_construction,有个孩子们把沙发清洗了,1
1451,ba,ba_construction,有个孩子们被沙发清洗了,0
1452,ba,ba_construction,杨桂英把光带了,1
1453,ba,ba_construction,杨桂英被光带了,0
1454,ba,ba_construction,王婷婷把咖啡店摆脱了,1
1455,ba,ba_construction,王婷婷被咖啡店摆脱了,0
1456,ba,ba_construction,梁楠把高中清洗了,1
1457,ba,ba_construction,梁楠被高中清洗了,0
1458,ba,ba_construction,那个参议员的前男友把论文带了,1
1459,ba,ba_construction,那个参议员的前男友被论文带了,0
1460,ba,ba_construction,莫奈把纪录片忘记了,1
1461,ba,ba_construction,莫奈被纪录片忘记了,0
1462,ba,ba_construction,高晗把大衣洗了,1
1463,ba,ba_construction,高晗被大衣洗了,0
1464,ba,ba_construction,李文清把吴美琳的小册子检查了,1
1465,ba,ba_construction,李文清被吴美琳的小册子检查了,0
1466,ba,ba_construction,这个女服务员的朋友把帽子洗了,1
1467,ba,ba_construction,这个女服务员的朋友被帽子洗了,0
1468,ba,ba_construction,叶梓把滑板扔了,1
1469,ba,ba_construction,叶梓被滑板扔了,0
1470,ba,ba_construction,魏新宇把图书馆摆脱了,1
1471,ba,ba_construction,魏新宇被图书馆摆脱了,0
1472,ba,ba_construction,林泽轩把电脑找了,1
1473,ba,ba_construction,林泽轩被电脑找了,0
1474,ba,ba_construction,这个女士把学校转移了,1
1475,ba,ba_construction,这个女士被学校转移了,0
1476,ba,ba_construction,那些男人的足病医生把医院打扫了,1
1477,ba,ba_construction,那些男人的足病医生被医院打扫了,0
1478,ba,ba_construction,李莫言把报告描述了,1
1479,ba,ba_construction,李莫言被报告描述了,0
1480,ba,ba_construction,米雪儿把医院举了,1
1481,ba,ba_construction,米雪儿被医院举了,0
1482,ba,ba_construction,张光毅把花瓶扔了,1
1483,ba,ba_construction,张光毅被花瓶扔了,0
1484,ba,ba_construction,这些医生的参议员把夹克穿了,1
1485,ba,ba_construction,这些医生的参议员被夹克穿了,0
1486,ba,ba_construction,那个学生的水管工把报告研究了,1
1487,ba,ba_construction,那个学生的水管工被报告研究了,0
1488,ba,ba_construction,施月的前女友把独轮车打破了,1
1489,ba,ba_construction,施月的前女友被独轮车打破了,0
1490,ba,ba_construction,王雅慧把衬衫洗了,1
1491,ba,ba_construction,王雅慧被衬衫洗了,0
1492,ba,ba_construction,王子豪把独轮车扔了,1
1493,ba,ba_construction,王子豪被独轮车扔了,0
1494,ba,ba_construction,杜嘉怡把电影院摆脱了,1
1495,ba,ba_construction,杜嘉怡被电影院摆脱了,0
1496,ba,ba_construction,李倩倩把披肩带了,1
1497,ba,ba_construction,李倩倩被披肩带了,0
1498,ba,ba_construction,严莉莉把种类举了,1
1499,ba,ba_construction,严莉莉被种类举了,0
1500,ba,ba_construction,那个患者把地毯清洗了,1
1501,ba,ba_construction,那个患者被地毯清洗了,0
1502,ba,ba_construction,那个老师的导师把屏幕带了,1
1503,ba,ba_construction,那个老师的导师被屏幕带了,0
1504,ba,ba_construction,刘景睿把王敏的展出研究了,1
1505,ba,ba_construction,刘景睿被王敏的展出研究了,0
1506,ba,ba_construction,刘志强的孙女把马可的报告卖了,1
1507,ba,ba_construction,刘志强的孙女被马可的报告卖了,0
1508,ba,ba_construction,那些年轻人把王靖瑶的文章扫描了,1
1509,ba,ba_construction,那些年轻人被王靖瑶的文章扫描了,0
1510,ba,ba_construction,孙一飞把购物中心讨论了,1
1511,ba,ba_construction,孙一飞被购物中心讨论了,0
1512,ba,ba_construction,张婷把飞机找了,1
1513,ba,ba_construction,张婷被飞机找了,0
1514,ba,ba_construction,赵梦婷把李春梅的文章描述了,1
1515,ba,ba_construction,赵梦婷被李春梅的文章描述了,0
1516,ba,ba_construction,许逸航的女儿把电影院摆脱了,1
1517,ba,ba_construction,许逸航的女儿被电影院摆脱了,0
1518,ba,ba_construction,王婷婷把大学调查了,1
1519,ba,ba_construction,王婷婷被大学调查了,0
1520,ba,ba_construction,张敏敏把杯子打扫了,1
1521,ba,ba_construction,张敏敏被杯子打扫了,0
1522,ba,ba_construction,这个男孩把大学校园摆脱了,1
1523,ba,ba_construction,这个男孩被大学校园摆脱了,0
1524,ba,ba_construction,李桐的祖母把郭瀚临的舞台剧研究了,1
1525,ba,ba_construction,李桐的祖母被郭瀚临的舞台剧研究了,0
1526,ba,ba_construction,这个出纳员的同班同学把自行车扔了,1
1527,ba,ba_construction,这个出纳员的同班同学被自行车扔了,0
1528,ba,ba_construction,那些女人的导师把冰柱拿了,1
1529,ba,ba_construction,那些女人的导师被冰柱拿了,0
1530,ba,ba_construction,有个女演员的伙伴把什么洗了,1
1531,ba,ba_construction,有个女演员的伙伴被什么洗了,0
1532,ba,ba_construction,这个司机把马车打破了,1
1533,ba,ba_construction,这个司机被马车打破了,0
1534,ba,ba_construction,杜嘉怡把报告忘记了,1
1535,ba,ba_construction,杜嘉怡被报告忘记了,0
1536,ba,ba_construction,石文静把电影院打扫了,1
1537,ba,ba_construction,石文静被电影院打扫了,0
1538,ba,ba_construction,这个男人把杂货商店摆脱了,1
1539,ba,ba_construction,这个男人被杂货商店摆脱了,0
1540,ba,ba_construction,那个女演员的钢琴老师把购物中心摆脱了,1
1541,ba,ba_construction,那个女演员的钢琴老师被购物中心摆脱了,0
1542,ba,ba_construction,有个男演员的承办商把陈晶的舞台剧忘记了,1
1543,ba,ba_construction,有个男演员的承办商被陈晶的舞台剧忘记了,0
1544,ba,ba_construction,林棋的姐妹把宣传册记住了,1
1545,ba,ba_construction,林棋的姐妹被宣传册记住了,0
1546,ba,ba_construction,李思彤的最好的朋友把报纸文章讨论了,1
1547,ba,ba_construction,李思彤的最好的朋友被报纸文章讨论了,0
1548,ba,ba_construction,赵菁菁的老师把砂锅菜清洗了,1
1549,ba,ba_construction,赵菁菁的老师被砂锅菜清洗了,0
1550,ba,ba_construction,那些年轻人的儿子把玻璃扔了,1
1551,ba,ba_construction,那些年轻人的儿子被玻璃扔了,0
1552,ba,ba_construction,有些女孩的儿子把蜡烛举了,1
1553,ba,ba_construction,有些女孩的儿子被蜡烛举了,0
1554,ba,ba_construction,这个女人把敞篷车扔了,1
1555,ba,ba_construction,这个女人被敞篷车扔了,0
1556,ba,ba_construction,这些年轻人的客人把报纸文章清洗了,1
1557,ba,ba_construction,这些年轻人的客人被报纸文章清洗了,0
1558,ba,ba_construction,陈晶把小册子检查了,1
1559,ba,ba_construction,陈晶被小册子检查了,0
1560,ba,ba_construction,这个参议员把绿洲记住了,1
1561,ba,ba_construction,这个参议员被绿洲记住了,0
1562,ba,ba_construction,李思彤把绿洲摆脱了,1
1563,ba,ba_construction,李思彤被绿洲摆脱了,0
1564,ba,ba_construction,伽利略把组织机构调查了,1
1565,ba,ba_construction,伽利略被组织机构调查了,0
1566,ba,ba_construction,朱德玲把沙发清洗了,1
1567,ba,ba_construction,朱德玲被沙发清洗了,0
1568,ba,ba_construction,王梦把核清洗了,1
1569,ba,ba_construction,王梦被核清洗了,0
1570,ba,ba_construction,张超把李小红的电影讨论了,1
1571,ba,ba_construction,张超被李小红的电影讨论了,0
1572,ba,ba_construction,张心仪把什么扫描了,1
1573,ba,ba_construction,张心仪被什么扫描了,0
1574,ba,ba_construction,王慧把自行车扔了,1
1575,ba,ba_construction,王慧被自行车扔了,0
1576,ba,ba_construction,王芳把概要研究了,1
1577,ba,ba_construction,王芳被概要研究了,0
1578,ba,ba_construction,朱德玲把郭佳茹的展出研究了,1
1579,ba,ba_construction,朱德玲被郭佳茹的展出研究了,0
1580,ba,ba_construction,那些行人把夹克穿了,1
1581,ba,ba_construction,那些行人被夹克穿了,0
1582,ba,ba_construction,杨芳把李淑华的印刷品带了,1
1583,ba,ba_construction,杨芳被李淑华的印刷品带了,0
1584,ba,ba_construction,刘丽把叉子打破了,1
1585,ba,ba_construction,刘丽被叉子打破了,0
1586,ba,ba_construction,这些女人把李春梅的舞台剧研究了,1
1587,ba,ba_construction,这些女人被李春梅的舞台剧研究了,0
1588,ba,ba_construction,刘振平把银行调查了,1
1589,ba,ba_construction,刘振平被银行调查了,0
1590,ba,ba_construction,那些顾客的祖父把碟子扔了,1
1591,ba,ba_construction,那些顾客的祖父被碟子扔了,0
1592,ba,ba_construction,孙领把银行找了,1
1593,ba,ba_construction,孙领被银行找了,0
1594,ba,ba_construction,刘超的合作人把博物馆调查了,1
1595,ba,ba_construction,刘超的合作人被博物馆调查了,0
1596,ba,ba_construction,有个患者的哥哥把毛妍纯的小册子扫描了,1
1597,ba,ba_construction,有个患者的哥哥被毛妍纯的小册子扫描了,0
1598,ba,ba_construction,毛毅的孙女把帽子穿了,1
1599,ba,ba_construction,毛毅的孙女被帽子穿了,0
1600,ba,ba_construction,张婷把女士衬衫找了,1
1601,ba,ba_construction,张婷被女士衬衫找了,0
1602,ba,ba_construction,赵佳莹把茄子清洗了,1
1603,ba,ba_construction,赵佳莹被茄子清洗了,0
1604,ba,ba_construction,地毯把组织机构转移了,1
1605,ba,ba_construction,地毯被组织机构转移了,0
1606,ba,ba_construction,有些患者把林雨桐的报告检查了,1
1607,ba,ba_construction,有些患者被林雨桐的报告检查了,0
1608,ba,ba_construction,王鑫把屏幕卖了,1
1609,ba,ba_construction,王鑫被屏幕卖了,0
1610,ba,ba_construction,崔兆亮把鼻子带了,1
1611,ba,ba_construction,崔兆亮被鼻子带了,0
1612,ba,ba_construction,陈志同把刘超的短文讨论了,1
1613,ba,ba_construction,陈志同被刘超的短文讨论了,0
1614,ba,ba_construction,王月把叉子扔了,1
1615,ba,ba_construction,王月被叉子扔了,0
1616,ba,ba_construction,刘颖把绿洲拿了,1
1617,ba,ba_construction,刘颖被绿洲拿了,0
1618,ba,ba_construction,那个舞蹈家的同事把博物馆摆脱了,1
1619,ba,ba_construction,那个舞蹈家的同事被博物馆摆脱了,0
1620,ba,ba_construction,那些参议员把马车举了,1
1621,ba,ba_construction,那些参议员被马车举了,0
1622,ba,ba_construction,夏雨琳把蜡烛拿了,1
1623,ba,ba_construction,夏雨琳被蜡烛拿了,0
1624,ba,ba_construction,那个舞蹈家把飞机找了,1
1625,ba,ba_construction,那个舞蹈家被飞机找了,0
1626,ba,ba_construction,杨敏娟把克林顿夫妇的评论忘记了,1
1627,ba,ba_construction,杨敏娟被克林顿夫妇的评论忘记了,0
1628,ba,ba_construction,张厚望把盘子扔了,1
1629,ba,ba_construction,张厚望被盘子扔了,0
1630,ba,ba_construction,梁楠把自行车扔了,1
1631,ba,ba_construction,梁楠被自行车扔了,0
1632,ba,ba_construction,有个家伙把叉子打破了,1
1633,ba,ba_construction,有个家伙被叉子打破了,0
1634,ba,ba_construction,贾栋把杯子扔了,1
1635,ba,ba_construction,贾栋被杯子扔了,0
1636,ba,ba_construction,这个学生把饭店搞乱了,1
1637,ba,ba_construction,这个学生被饭店搞乱了,0
1638,ba,ba_construction,刘旭敏的兄弟把图书馆搞乱了,1
1639,ba,ba_construction,刘旭敏的兄弟被图书馆搞乱了,0
1640,ba,ba_construction,张芃芃把照片举了,1
1641,ba,ba_construction,张芃芃被照片举了,0
1642,ba,ba_construction,李天月把哈佛大学调查了,1
1643,ba,ba_construction,李天月被哈佛大学调查了,0
1644,ba,ba_construction,米雪儿把程丽莎的文章扫描了,1
1645,ba,ba_construction,米雪儿被程丽莎的文章扫描了,0
1646,ba,ba_construction,赵菁菁把故事忘记了,1
1647,ba,ba_construction,赵菁菁被故事忘记了,0
1648,ba,ba_construction,王雅慧把购物中心打扫了,1
1649,ba,ba_construction,王雅慧被购物中心打扫了,0
1650,ba,ba_construction,张淑兰把刘志强的书描述了,1
1651,ba,ba_construction,张淑兰被刘志强的书描述了,0
1652,ba,ba_construction,孙莹莹把围巾穿了,1
1653,ba,ba_construction,孙莹莹被围巾穿了,0
1654,ba,ba_construction,那个儿童的母亲们把鞋子打扫了,1
1655,ba,ba_construction,那个儿童的母亲们被鞋子打扫了,0
1656,ba,ba_construction,孙领把谈欣的电影扫描了,1
1657,ba,ba_construction,孙领被谈欣的电影扫描了,0
1658,ba,ba_construction,薛雯把投影机拿了,1
1659,ba,ba_construction,薛雯被投影机拿了,0
1660,ba,ba_construction,这个行人的男朋友把窗口打破了,1
1661,ba,ba_construction,这个行人的男朋友被窗口打破了,0
1662,ba,ba_construction,大学把蜡烛卖了,1
1663,ba,ba_construction,大学被蜡烛卖了,0
1664,ba,ba_construction,杨玲把协会调查了,1
1665,ba,ba_construction,杨玲被协会调查了,0
1666,ba,ba_construction,这个医生的钢琴老师把评论忘记了,1
1667,ba,ba_construction,这个医生的钢琴老师被评论忘记了,0
1668,ba,ba_construction,有个儿童把周一博的舞台剧扫描了,1
1669,ba,ba_construction,有个儿童被周一博的舞台剧扫描了,0
1670,ba,ba_construction,那些老师把盘子卖了,1
1671,ba,ba_construction,那些老师被盘子卖了,0
1672,ba,ba_construction,李哲把兔子找了,1
1673,ba,ba_construction,李哲被兔子找了,0
1674,ba,ba_construction,王伟的父亲把文章记住了,1
1675,ba,ba_construction,王伟的父亲被文章记住了,0
1676,ba,ba_construction,鱼把冰柱找了,1
1677,ba,ba_construction,鱼被冰柱找了,0
1678,ba,ba_construction,杨敏娟把公园摆脱了,1
1679,ba,ba_construction,杨敏娟被公园摆脱了,0
1680,ba,ba_construction,有个顾客把戏剧研究了,1
1681,ba,ba_construction,有个顾客被戏剧研究了,0
1682,ba,ba_construction,大家把湖泊摆脱了,1
1683,ba,ba_construction,大家被湖泊摆脱了,0
1684,ba,ba_construction,于凯丽把银行打扫了,1
1685,ba,ba_construction,于凯丽被银行打扫了,0
1686,ba,ba_construction,这些女人把毛衣洗了,1
1687,ba,ba_construction,这些女人被毛衣洗了,0
1688,ba,ba_construction,王萍的儿子把短裙洗了,1
1689,ba,ba_construction,王萍的儿子被短裙洗了,0
1690,ba,ba_construction,秦可岚把图书馆调查了,1
1691,ba,ba_construction,秦可岚被图书馆调查了,0
1692,ba,ba_construction,周慧敏把陈哲的展出记住了,1
1693,ba,ba_construction,周慧敏被陈哲的展出记住了,0
1694,ba,ba_construction,万智芸把独轮车打破了,1
1695,ba,ba_construction,万智芸被独轮车打破了,0
1696,ba,ba_construction,这些女服务员把论文扫描了,1
1697,ba,ba_construction,这些女服务员被论文扫描了,0
1698,ba,ba_construction,有些老师把大学校园摆脱了,1
1699,ba,ba_construction,有些老师被大学校园摆脱了,0
1700,ba,ba_construction,钱雨婷把立法机关转移了,1
1701,ba,ba_construction,钱雨婷被立法机关转移了,0
1702,ba,ba_construction,韩娟把白饭举了,1
1703,ba,ba_construction,韩娟被白饭举了,0
1704,ba,ba_construction,刘聪聪把纪录片描述了,1
1705,ba,ba_construction,刘聪聪被纪录片描述了,0
1706,ba,ba_construction,徐洁的母亲把蛇卖了,1
1707,ba,ba_construction,徐洁的母亲被蛇卖了,0
1708,ba,ba_construction,沈佳宜的祖父把概要讨论了,1
1709,ba,ba_construction,沈佳宜的祖父被概要讨论了,0
1710,ba,ba_construction,张敏秀把牛扒带了,1
1711,ba,ba_construction,张敏秀被牛扒带了,0
1712,ba,ba_construction,蔡昊把短裙洗了,1
1713,ba,ba_construction,蔡昊被短裙洗了,0
1714,ba,ba_construction,王婷婷的朋友把学校讨论了,1
1715,ba,ba_construction,王婷婷的朋友被学校讨论了,0
1716,ba,ba_construction,王金凤把银行清洗了,1
1717,ba,ba_construction,王金凤被银行清洗了,0
1718,ba,ba_construction,有些女演员把手套清洗了,1
1719,ba,ba_construction,有些女演员被手套清洗了,0
1720,ba,ba_construction,孔薇把台阶带了,1
1721,ba,ba_construction,孔薇被台阶带了,0
1722,ba,ba_construction,有个男服务员的水管工把眼镜拿了,1
1723,ba,ba_construction,有个男服务员的水管工被眼镜拿了,0
1724,ba,ba_construction,周佳把张沛然的文章检查了,1
1725,ba,ba_construction,周佳被张沛然的文章检查了,0
1726,ba,ba_construction,张沛然把山脉摆脱了,1
1727,ba,ba_construction,张沛然被山脉摆脱了,0
1728,ba,ba_construction,图书馆把马拿了,1
1729,ba,ba_construction,图书馆被马拿了,0
1730,ba,ba_construction,谭言把图书馆转移了,1
1731,ba,ba_construction,谭言被图书馆转移了,0
1732,ba,ba_construction,刘旭敏把博物馆调查了,1
1733,ba,ba_construction,刘旭敏被博物馆调查了,0
1734,ba,ba_construction,丁雅静把论文记住了,1
1735,ba,ba_construction,丁雅静被论文记住了,0
1736,ba,ba_construction,梁毅把吕小莲的书忘记了,1
1737,ba,ba_construction,梁毅被吕小莲的书忘记了,0
1738,ba,ba_construction,这个患者把概要研究了,1
1739,ba,ba_construction,这个患者被概要研究了,0
1740,ba,ba_construction,王淑萍把牛拿了,1
1741,ba,ba_construction,王淑萍被牛拿了,0
1742,ba,ba_construction,林惠把庞华的报告描述了,1
1743,ba,ba_construction,林惠被庞华的报告描述了,0
1744,ba,ba_construction,这些青少年把女士衬衫穿了,1
1745,ba,ba_construction,这些青少年被女士衬衫穿了,0
1746,ba,ba_construction,有些女服务员把公园摆脱了,1
1747,ba,ba_construction,有些女服务员被公园摆脱了,0
1748,ba,ba_construction,虞佳蓉把鞋子洗了,1
1749,ba,ba_construction,虞佳蓉被鞋子洗了,0
1750,ba,ba_construction,张欣然把公园讨论了,1
1751,ba,ba_construction,张欣然被公园讨论了,0
1752,ba,ba_construction,这个顾客把台灯清洗了,1
1753,ba,ba_construction,这个顾客被台灯清洗了,0
1754,ba,ba_construction,菌类把学校转移了,1
1755,ba,ba_construction,菌类被学校转移了,0
1756,ba,ba_construction,施月把仙人掌举了,1
1757,ba,ba_construction,施月被仙人掌举了,0
1758,ba,ba_construction,吕小莲把山讨论了,1
1759,ba,ba_construction,吕小莲被山讨论了,0
1760,ba,ba_construction,周敏娜把嘴找了,1
1761,ba,ba_construction,周敏娜被嘴找了,0
1762,ba,ba_construction,薛雯的姐妹把独轮车扔了,1
1763,ba,ba_construction,薛雯的姐妹被独轮车扔了,0
1764,ba,ba_construction,李会召把戏剧扫描了,1
1765,ba,ba_construction,李会召被戏剧扫描了,0
1766,ba,ba_construction,刘霞把种类卖了,1
1767,ba,ba_construction,刘霞被种类卖了,0
1768,ba,ba_construction,这个校友的参议员把艺术画廊记住了,1
1769,ba,ba_construction,这个校友的参议员被艺术画廊记住了,0
1770,ba,ba_construction,有些患者的前女友把政府调查了,1
1771,ba,ba_construction,有些患者的前女友被政府调查了,0
1772,ba,ba_construction,张晓峰的伙伴把高晗的短文记住了,1
1773,ba,ba_construction,张晓峰的伙伴被高晗的短文记住了,0
1774,ba,ba_construction,这个男孩的孙女把银行摆脱了,1
1775,ba,ba_construction,这个男孩的孙女被银行摆脱了,0
1776,ba,ba_construction,委员会把推车卖了,1
1777,ba,ba_construction,委员会被推车卖了,0
1778,ba,ba_construction,有些男人把牙齿卖了,1
1779,ba,ba_construction,有些男人被牙齿卖了,0
1780,ba,ba_construction,有个医生把自行车打破了,1
1781,ba,ba_construction,有个医生被自行车打破了,0
1782,ba,ba_construction,有些客人的女朋友把李思彤的传单扫描了,1
1783,ba,ba_construction,有些客人的女朋友被李思彤的传单扫描了,0
1784,ba,ba_construction,这个青少年的足病医生把衬衫搞乱了,1
1785,ba,ba_construction,这个青少年的足病医生被衬衫搞乱了,0
1786,ba,ba_construction,那个女士把飞机扔了,1
1787,ba,ba_construction,那个女士被飞机扔了,0
1788,ba,ba_construction,王靖瑶把咖啡馆讨论了,1
1789,ba,ba_construction,王靖瑶被咖啡馆讨论了,0
1790,ba,ba_construction,黄子婷的主管把书忘记了,1
1791,ba,ba_construction,黄子婷的主管被书忘记了,0
1792,ba,ba_construction,有个男孩的承办商把图书找了,1
1793,ba,ba_construction,有个男孩的承办商被图书找了,0
1794,ba,ba_construction,这个校友把灯清洗了,1
1795,ba,ba_construction,这个校友被灯清洗了,0
1796,ba,ba_construction,有些男孩把滑板扔了,1
1797,ba,ba_construction,有些男孩被滑板扔了,0
1798,ba,ba_construction,毛毅的医生把艺术画廊摆脱了,1
1799,ba,ba_construction,毛毅的医生被艺术画廊摆脱了,0
1800,ba,ba_construction,孔薇的孙女把香菜清洗了,1
1801,ba,ba_construction,孔薇的孙女被香菜清洗了,0
1802,ba,ba_construction,李翔把孙龙的书扫描了,1
1803,ba,ba_construction,李翔被孙龙的书扫描了,0
1804,ba,ba_construction,张杰把蛋糕清洗了,1
1805,ba,ba_construction,张杰被蛋糕清洗了,0
1806,ba,ba_construction,有些家伙把文章讨论了,1
1807,ba,ba_construction,有些家伙被文章讨论了,0
1808,ba,ba_construction,张光毅把立法机关调查了,1
1809,ba,ba_construction,张光毅被立法机关调查了,0
1810,ba,ba_construction,刘景睿把艺术画廊讨论了,1
1811,ba,ba_construction,刘景睿被艺术画廊讨论了,0
1812,ba,ba_construction,李莫言的孙女把玻璃打破了,1
1813,ba,ba_construction,李莫言的孙女被玻璃打破了,0
1814,ba,ba_construction,赵诗涵把汽车扔了,1
1815,ba,ba_construction,赵诗涵被汽车扔了,0
1816,ba,ba_construction,谭言的水管工把电脑扔了,1
1817,ba,ba_construction,谭言的水管工被电脑扔了,0
1818,ba,ba_construction,张婷把委员会调查了,1
1819,ba,ba_construction,张婷被委员会调查了,0
1820,ba,ba_construction,林泽轩的皮肤科医生把光找了,1
1821,ba,ba_construction,林泽轩的皮肤科医生被光找了,0
1822,ba,ba_construction,马可把椅子拿了,1
1823,ba,ba_construction,马可被椅子拿了,0
1824,ba,ba_construction,谢天天把脚搞乱了,1
1825,ba,ba_construction,谢天天被脚搞乱了,0
1826,ba,ba_construction,那些顾客把纪录片描述了,1
1827,ba,ba_construction,那些顾客被纪录片描述了,0
1828,ba,ba_construction,有个校友把西班牙转移了,1
1829,ba,ba_construction,有个校友被西班牙转移了,0
1830,ba,ba_construction,孔薇的表亲把滑板清洗了,1
1831,ba,ba_construction,孔薇的表亲被滑板清洗了,0
1832,ba,ba_construction,那些顾客的医生把沙发打破了,1
1833,ba,ba_construction,那些顾客的医生被沙发打破了,0
1834,ba,ba_construction,吴美琳把王刚的报告描述了,1
1835,ba,ba_construction,吴美琳被王刚的报告描述了,0
1836,ba,ba_construction,王月把鼻子找了,1
1837,ba,ba_construction,王月被鼻子找了,0
1838,ba,ba_construction,那个儿童的钢琴老师把刘雨欣的报告扫描了,1
1839,ba,ba_construction,那个儿童的钢琴老师被刘雨欣的报告扫描了,0
1840,ba,ba_construction,张伟把论文扫描了,1
1841,ba,ba_construction,张伟被论文扫描了,0
1842,ba,ba_construction,张伟把协会调查了,1
1843,ba,ba_construction,张伟被协会调查了,0
1844,ba,ba_construction,陈哲把分析忘记了,1
1845,ba,ba_construction,陈哲被分析忘记了,0
1846,ba,ba_construction,那些女孩把杂货店打扫了,1
1847,ba,ba_construction,那些女孩被杂货店打扫了,0
1848,ba,ba_construction,马可的牙医把大学校园打扫了,1
1849,ba,ba_construction,马可的牙医被大学校园打扫了,0
1850,ba,ba_construction,杜嘉怡把蛇清洗了,1
1851,ba,ba_construction,杜嘉怡被蛇清洗了,0
1852,ba,ba_construction,赵梦婷把王雅慧的小册子检查了,1
1853,ba,ba_construction,赵梦婷被王雅慧的小册子检查了,0
1854,ba,ba_construction,王子豪把购物中心举了,1
1855,ba,ba_construction,王子豪被购物中心举了,0
1856,ba,ba_construction,李语嫣把披肩穿了,1
1857,ba,ba_construction,李语嫣被披肩穿了,0
1858,ba,ba_construction,柴静把眼镜搞乱了,1
1859,ba,ba_construction,柴静被眼镜搞乱了,0
1860,ba,ba_construction,那些参议员把图书馆调查了,1
1861,ba,ba_construction,那些参议员被图书馆调查了,0
1862,ba,ba_construction,孙龙把李伟的书研究了,1
1863,ba,ba_construction,孙龙被李伟的书研究了,0
1864,ba,ba_construction,这些女服务员把砂锅菜找了,1
1865,ba,ba_construction,这些女服务员被砂锅菜找了,0
1866,ba,ba_construction,这个男人的学生把电影院打扫了,1
1867,ba,ba_construction,这个男人的学生被电影院打扫了,0
1868,ba,ba_construction,刘志强把自行车打破了,1
1869,ba,ba_construction,刘志强被自行车打破了,0
1870,ba,ba_construction,那些医生把戏剧记住了,1
1871,ba,ba_construction,那些医生被戏剧记住了,0
1872,ba,ba_construction,郭佳茹把夹克穿了,1
1873,ba,ba_construction,郭佳茹被夹克穿了,0
1874,ba,ba_construction,王梦的儿子把电影院描述了,1
1875,ba,ba_construction,王梦的儿子被电影院描述了,0
1876,ba,ba_construction,张涛把夹克洗了,1
1877,ba,ba_construction,张涛被夹克洗了,0
1878,ba,ba_construction,温斯顿·丘吉尔把坡清洗了,1
1879,ba,ba_construction,温斯顿·丘吉尔被坡清洗了,0
1880,ba,ba_construction,这些参议员把卡车扔了,1
1881,ba,ba_construction,这些参议员被卡车扔了,0
1882,ba,ba_construction,何冰冰的肿瘤医师把鸡举了,1
1883,ba,ba_construction,何冰冰的肿瘤医师被鸡举了,0
1884,ba,ba_construction,概要把路德教会的书讨论了,1
1885,ba,ba_construction,概要被路德教会的书讨论了,0
1886,ba,ba_construction,这个男子的表姐把电影忘记了,1
1887,ba,ba_construction,这个男子的表姐被电影忘记了,0
1888,ba,ba_construction,那些青少年把脚打破了,1
1889,ba,ba_construction,那些青少年被脚打破了,0
1890,ba,ba_construction,这些医生把宣传册带了,1
1891,ba,ba_construction,这些医生被宣传册带了,0
1892,ba,ba_construction,他们把脚清洗了,1
1893,ba,ba_construction,他们被脚清洗了,0
1894,ba,ba_construction,高屹森把钱雨婷素描清洗了,1
1895,ba,ba_construction,高屹森被钱雨婷素描清洗了,0
1896,ba,ba_construction,孙莹莹把台阶带了,1
1897,ba,ba_construction,孙莹莹被台阶带了,0
1898,ba,ba_construction,王淑珍把艺术画廊摆脱了,1
1899,ba,ba_construction,王淑珍被艺术画廊摆脱了,0
1900,ba,ba_construction,张丽华把苹果带了,1
1901,ba,ba_construction,张丽华被苹果带了,0
1902,ba,ba_construction,卞紫薇把李哲的小册子检查了,1
1903,ba,ba_construction,卞紫薇被李哲的小册子检查了,0
1904,ba,ba_construction,毛妍纯的学员把马车打破了,1
1905,ba,ba_construction,毛妍纯的学员被马车打破了,0
1906,ba,ba_construction,何汉把张永祥的传单扫描了,1
1907,ba,ba_construction,何汉被张永祥的传单扫描了,0
1908,ba,ba_construction,张涛把宣传册带了,1
1909,ba,ba_construction,张涛被宣传册带了,0
1910,ba,ba_construction,蔡文璐把王润东的报告忘记了,1
1911,ba,ba_construction,蔡文璐被王润东的报告忘记了,0
1912,ba,ba_construction,刘霞把蘑菇拿了,1
1913,ba,ba_construction,刘霞被蘑菇拿了,0
1914,ba,ba_construction,这个女演员把委员会调查了,1
1915,ba,ba_construction,这个女演员被委员会调查了,0
1916,ba,ba_construction,没有人把裤子穿了,1
1917,ba,ba_construction,没有人被裤子穿了,0
1918,ba,ba_construction,卢诗韵的勤杂工把文章忘记了,1
1919,ba,ba_construction,卢诗韵的勤杂工被文章忘记了,0
1920,ba,ba_construction,卜泽伟把番茄找了,1
1921,ba,ba_construction,卜泽伟被番茄找了,0
1922,ba,ba_construction,张欣然的儿子把林棋的纪录片记住了,1
1923,ba,ba_construction,张欣然的儿子被林棋的纪录片记住了,0
1924,ba,ba_construction,公司把评论忘记了,1
1925,ba,ba_construction,公司被评论忘记了,0
1926,ba,ba_construction,有些儿童把盘子举了,1
1927,ba,ba_construction,有些儿童被盘子举了,0
1928,ba,ba_construction,黄敏把杯子打扫了,1
1929,ba,ba_construction,黄敏被杯子打扫了,0
1930,ba,ba_construction,张光毅的承包商把论文扫描了,1
1931,ba,ba_construction,张光毅的承包商被论文扫描了,0
1932,ba,ba_construction,张兴把印象派的传单扫描了,1
1933,ba,ba_construction,张兴被印象派的传单扫描了,0
1934,ba,ba_construction,那个年轻人把屏幕找了,1
1935,ba,ba_construction,那个年轻人被屏幕找了,0
1936,ba,ba_construction,马冬梅把杂货商店记住了,1
1937,ba,ba_construction,马冬梅被杂货商店记住了,0
1938,ba,ba_construction,陈晶把毛衣穿了,1
1939,ba,ba_construction,陈晶被毛衣穿了,0
1940,ba,ba_construction,这些儿童把吴宇涛的故事讨论了,1
1941,ba,ba_construction,这些儿童被吴宇涛的故事讨论了,0
1942,ba,ba_construction,王月把叉子搞乱了,1
1943,ba,ba_construction,王月被叉子搞乱了,0
1944,ba,ba_construction,李文清把绘画找了,1
1945,ba,ba_construction,李文清被绘画找了,0
1946,ba,ba_construction,有个出纳员的前夫把毛衣洗了,1
1947,ba,ba_construction,有个出纳员的前夫被毛衣洗了,0
1948,ba,ba_construction,杜嘉怡的参议员把围巾洗了,1
1949,ba,ba_construction,杜嘉怡的参议员被围巾洗了,0
1950,ba,ba_construction,有些老师的主管把地毯找了,1
1951,ba,ba_construction,有些老师的主管被地毯找了,0
1952,ba,ba_construction,万智芸把连衣裙洗了,1
1953,ba,ba_construction,万智芸被连衣裙洗了,0
1954,ba,ba_construction,孙领把鹅拿了,1
1955,ba,ba_construction,孙领被鹅拿了,0
1956,ba,ba_construction,苏金燕把毛衣洗了,1
1957,ba,ba_construction,苏金燕被毛衣洗了,0
1958,ba,ba_construction,那个客人把李淑华的舞台剧讨论了,1
1959,ba,ba_construction,那个客人被李淑华的舞台剧讨论了,0
1960,ba,ba_construction,那个舞蹈家把组织机构转移了,1
1961,ba,ba_construction,那个舞蹈家被组织机构转移了,0
1962,ba,ba_construction,周慧敏的法语老师把西班牙描述了,1
1963,ba,ba_construction,周慧敏的法语老师被西班牙描述了,0
1964,ba,ba_construction,王婷婷把徐伟的展出研究了,1
1965,ba,ba_construction,王婷婷被徐伟的展出研究了,0
1966,ba,ba_construction,吴美琳把女士衬衫穿了,1
1967,ba,ba_construction,吴美琳被女士衬衫穿了,0
1968,ba,ba_construction,李波把叉子搞乱了,1
1969,ba,ba_construction,李波被叉子搞乱了,0
1970,ba,ba_construction,张杰把电脑扔了,1
1971,ba,ba_construction,张杰被电脑扔了,0
1972,ba,ba_construction,张沛然把披肩洗了,1
1973,ba,ba_construction,张沛然被披肩洗了,0
1974,ba,ba_construction,图书馆把报纸文章讨论了,1
1975,ba,ba_construction,图书馆被报纸文章讨论了,0
1976,ba,ba_construction,李哲把汽车打破了,1
1977,ba,ba_construction,李哲被汽车打破了,0
1978,ba,ba_construction,有些患者的学员把赵菁菁的书讨论了,1
1979,ba,ba_construction,有些患者的学员被赵菁菁的书讨论了,0
1980,ba,ba_construction,他们把意大利面带了,1
1981,ba,ba_construction,他们被意大利面带了,0
1982,ba,ba_construction,周慧敏把椅子搞乱了,1
1983,ba,ba_construction,周慧敏被椅子搞乱了,0
1984,ba,ba_construction,张伟把评论描述了,1
1985,ba,ba_construction,张伟被评论描述了,0
1986,ba,ba_construction,谢天天把短裙清洗了,1
1987,ba,ba_construction,谢天天被短裙清洗了,0
1988,ba,ba_construction,谢梦梦的女儿把自行车打破了,1
1989,ba,ba_construction,谢梦梦的女儿被自行车打破了,0
1990,ba,ba_construction,丁燕宁的父亲把博物馆记住了,1
1991,ba,ba_construction,丁燕宁的父亲被博物馆记住了,0
1992,ba,ba_construction,王芳的伙伴把孙一飞的舞台剧研究了,1
1993,ba,ba_construction,王芳的伙伴被孙一飞的舞台剧研究了,0
1994,ba,ba_construction,方永晴把鸡带了,1
1995,ba,ba_construction,方永晴被鸡带了,0
1996,ba,ba_construction,那个女士把汽车打扫了,1
1997,ba,ba_construction,那个女士被汽车打扫了,0
1998,ba,ba_construction,那个成人把镜子扔了,1
1999,ba,ba_construction,那个成人被镜子扔了,0
